run_id,timestamp,protocol,http_version,payload,attempt,http_code,size_bytes,time_namelookup_s,time_connect_s,time_appconnect_s,time_pretransfer_s,time_starttransfer_s,time_total_s,speed_Bps,speed_KBps,speed_MBps,num_connects,num_redirects
20260426T214559Z,2026-04-26T21:45:59Z,HTTP/2,2,100kb.bin,1,200,102400,0.000218,0.000282,0.002726,0.002765,0.003235,0.003403,30091096,29385.836,28.697,1,0
20260426T214559Z,2026-04-26T21:45:59Z,HTTP/2,2,100kb.bin,2,200,102400,0.000204,0.000260,0.002710,0.002748,0.003230,0.003385,30251107,29542.097,28.850,1,0
20260426T214559Z,2026-04-26T21:45:59Z,HTTP/2,2,100kb.bin,3,200,102400,0.000222,0.000282,0.002663,0.002704,0.003150,0.003277,31248092,30515.715,29.801,1,0
20260426T214559Z,2026-04-26T21:45:59Z,HTTP/2,2,100kb.bin,4,200,102400,0.000195,0.000271,0.002520,0.002555,0.002929,0.003091,33128437,32351.989,31.594,1,0
20260426T214559Z,2026-04-26T21:45:59Z,HTTP/2,2,100kb.bin,5,200,102400,0.000211,0.000259,0.002557,0.002594,0.002966,0.003129,32726110,31959.092,31.210,1,0
20260426T214559Z,2026-04-26T21:45:59Z,HTTP/2,2,100kb.bin,6,200,102400,0.000166,0.000213,0.002422,0.002451,0.002767,0.002902,35286009,34458.993,33.651,1,0
20260426T214559Z,2026-04-26T21:45:59Z,HTTP/2,2,100kb.bin,7,200,102400,0.000180,0.000221,0.002746,0.002777,0.003076,0.003212,31880448,31133.250,30.404,1,0
20260426T214559Z,2026-04-26T21:45:59Z,HTTP/2,2,100kb.bin,8,200,102400,0.000168,0.000206,0.002398,0.002432,0.002713,0.002839,36069038,35223.670,34.398,1,0
20260426T214559Z,2026-04-26T21:45:59Z,HTTP/2,2,100kb.bin,9,200,102400,0.000184,0.000243,0.002420,0.002449,0.002774,0.002891,35420269,34590.106,33.779,1,0
20260426T214559Z,2026-04-26T21:45:59Z,HTTP/2,2,100kb.bin,10,200,102400,0.000189,0.000232,0.002368,0.002400,0.002711,0.002809,36454254,35599.857,34.765,1,0
20260426T214559Z,2026-04-26T21:45:59Z,HTTP/2,2,100kb.bin,11,200,102400,0.000175,0.000217,0.002360,0.002390,0.002670,0.002795,36636851,35778.175,34.940,1,0
20260426T214559Z,2026-04-26T21:45:59Z,HTTP/2,2,100kb.bin,12,200,102400,0.000150,0.000184,0.002379,0.002412,0.002750,0.002879,35567905,34734.282,33.920,1,0
20260426T214559Z,2026-04-26T21:45:59Z,HTTP/2,2,100kb.bin,13,200,102400,0.000157,0.000189,0.002307,0.002349,0.002740,0.002930,34948805,34129.692,33.330,1,0
20260426T214559Z,2026-04-26T21:45:59Z,HTTP/2,2,100kb.bin,14,200,102400,0.000194,0.000233,0.002388,0.002418,0.002738,0.002867,35716777,34879.665,34.062,1,0
20260426T214559Z,2026-04-26T21:45:59Z,HTTP/2,2,100kb.bin,15,200,102400,0.000147,0.000180,0.002389,0.002422,0.002737,0.002896,35359116,34530.387,33.721,1,0
20260426T214559Z,2026-04-26T21:45:59Z,HTTP/2,2,100kb.bin,16,200,102400,0.000148,0.000180,0.002628,0.002661,0.003090,0.003240,31604938,30864.197,30.141,1,0
20260426T214559Z,2026-04-26T21:45:59Z,HTTP/2,2,100kb.bin,17,200,102400,0.000161,0.000202,0.002376,0.002407,0.002695,0.002793,36663086,35803.795,34.965,1,0
20260426T214559Z,2026-04-26T21:45:59Z,HTTP/2,2,100kb.bin,18,200,102400,0.000171,0.000212,0.002417,0.002455,0.002767,0.002908,35213204,34387.895,33.582,1,0
20260426T214559Z,2026-04-26T21:45:59Z,HTTP/2,2,100kb.bin,19,200,102400,0.000166,0.000201,0.002344,0.002373,0.002676,0.002798,36597569,35739.813,34.902,1,0
20260426T214559Z,2026-04-26T21:45:59Z,HTTP/2,2,100kb.bin,20,200,102400,0.000177,0.000214,0.002377,0.002408,0.002686,0.002862,35779175,34940.601,34.122,1,0
20260426T214559Z,2026-04-26T21:45:59Z,HTTP/2,2,100kb.bin,21,200,102400,0.000182,0.000222,0.002388,0.002419,0.002815,0.003001,34121959,33322.226,32.541,1,0
20260426T214559Z,2026-04-26T21:45:59Z,HTTP/2,2,100kb.bin,22,200,102400,0.000173,0.000210,0.002346,0.002377,0.002712,0.002851,35917222,35075.412,34.253,1,0
20260426T214559Z,2026-04-26T21:45:59Z,HTTP/2,2,100kb.bin,23,200,102400,0.000153,0.000186,0.002345,0.002421,0.002711,0.002819,36324937,35473.571,34.642,1,0
20260426T214559Z,2026-04-26T21:45:59Z,HTTP/2,2,100kb.bin,24,200,102400,0.000171,0.000221,0.002376,0.002406,0.002675,0.002772,36940836,36075.035,35.230,1,0
20260426T214559Z,2026-04-26T21:45:59Z,HTTP/2,2,100kb.bin,25,200,102400,0.000157,0.000210,0.002366,0.002395,0.002665,0.002864,35754189,34916.200,34.098,1,0
20260426T214559Z,2026-04-26T21:45:59Z,HTTP/2,2,100kb.bin,26,200,102400,0.000161,0.000194,0.002331,0.002360,0.002634,0.002789,36715668,35855.145,35.015,1,0
20260426T214559Z,2026-04-26T21:45:59Z,HTTP/2,2,100kb.bin,27,200,102400,0.000188,0.000232,0.002425,0.002454,0.002767,0.002896,35359116,34530.387,33.721,1,0
20260426T214559Z,2026-04-26T21:45:59Z,HTTP/2,2,100kb.bin,28,200,102400,0.000170,0.000206,0.002353,0.002387,0.002698,0.002845,35992970,35149.385,34.326,1,0
20260426T214559Z,2026-04-26T21:45:59Z,HTTP/2,2,100kb.bin,29,200,102400,0.000161,0.000196,0.002380,0.002410,0.002735,0.002884,35506241,34674.063,33.861,1,0
20260426T214559Z,2026-04-26T21:45:59Z,HTTP/2,2,100kb.bin,30,200,102400,0.000248,0.000292,0.002494,0.002525,0.002821,0.002960,34594594,33783.783,32.992,1,0
20260426T214559Z,2026-04-26T21:45:59Z,HTTP/2,2,100kb.bin,31,200,102400,0.000176,0.000219,0.002409,0.002447,0.002793,0.002956,34641407,33829.499,33.037,1,0
20260426T214559Z,2026-04-26T21:46:00Z,HTTP/2,2,100kb.bin,32,200,102400,0.000185,0.000236,0.002474,0.002504,0.002811,0.002981,34350888,33545.789,32.760,1,0
20260426T214559Z,2026-04-26T21:46:00Z,HTTP/2,2,100kb.bin,33,200,102400,0.000160,0.000206,0.002484,0.002525,0.002928,0.003047,33606826,32819.166,32.050,1,0
20260426T214559Z,2026-04-26T21:46:00Z,HTTP/2,2,100kb.bin,34,200,102400,0.000293,0.000332,0.002639,0.002675,0.003032,0.003150,32507936,31746.031,31.002,1,0
20260426T214559Z,2026-04-26T21:46:00Z,HTTP/2,2,100kb.bin,35,200,102400,0.000163,0.000210,0.002465,0.002502,0.002815,0.002929,34960737,34141.345,33.341,1,0
20260426T214559Z,2026-04-26T21:46:00Z,HTTP/2,2,100kb.bin,36,200,102400,0.000150,0.000192,0.002410,0.002441,0.002749,0.002920,35068493,34246.575,33.444,1,0
20260426T214559Z,2026-04-26T21:46:00Z,HTTP/2,2,100kb.bin,37,200,102400,0.000163,0.000209,0.002502,0.002534,0.002921,0.003032,33773087,32981.530,32.209,1,0
20260426T214559Z,2026-04-26T21:46:00Z,HTTP/2,2,100kb.bin,38,200,102400,0.000173,0.000210,0.002446,0.002475,0.002801,0.002947,34747200,33932.812,33.138,1,0
20260426T214559Z,2026-04-26T21:46:00Z,HTTP/2,2,100kb.bin,39,200,102400,0.000171,0.000204,0.002392,0.002424,0.002743,0.002933,34913058,34094.783,33.296,1,0
20260426T214559Z,2026-04-26T21:46:00Z,HTTP/2,2,100kb.bin,40,200,102400,0.000165,0.000206,0.002513,0.002546,0.002877,0.003034,33750823,32959.788,32.187,1,0
20260426T214559Z,2026-04-26T21:46:00Z,HTTP/3,0,100kb.bin,1,0,0,0,0,0,0,0,0,0,0.000,0.000,0,0
20260426T214559Z,2026-04-26T21:46:00Z,HTTP/3,0,100kb.bin,2,0,0,0,0,0,0,0,0,0,0.000,0.000,0,0
20260426T214559Z,2026-04-26T21:46:00Z,HTTP/3,0,100kb.bin,3,0,0,0,0,0,0,0,0,0,0.000,0.000,0,0
20260426T214559Z,2026-04-26T21:46:00Z,HTTP/3,0,100kb.bin,4,0,0,0,0,0,0,0,0,0,0.000,0.000,0,0
20260426T214559Z,2026-04-26T21:46:00Z,HTTP/3,0,100kb.bin,5,0,0,0,0,0,0,0,0,0,0.000,0.000,0,0
20260426T214559Z,2026-04-26T21:46:00Z,HTTP/3,0,100kb.bin,6,0,0,0,0,0,0,0,0,0,0.000,0.000,0,0
20260426T214559Z,2026-04-26T21:46:00Z,HTTP/3,0,100kb.bin,7,0,0,0,0,0,0,0,0,0,0.000,0.000,0,0
20260426T214559Z,2026-04-26T21:46:00Z,HTTP/3,0,100kb.bin,8,0,0,0,0,0,0,0,0,0,0.000,0.000,0,0
20260426T214559Z,2026-04-26T21:46:00Z,HTTP/3,0,100kb.bin,9,0,0,0,0,0,0,0,0,0,0.000,0.000,0,0
20260426T214559Z,2026-04-26T21:46:00Z,HTTP/3,0,100kb.bin,10,0,0,0,0,0,0,0,0,0,0.000,0.000,0,0
20260426T214559Z,2026-04-26T21:46:00Z,HTTP/3,0,100kb.bin,11,0,0,0,0,0,0,0,0,0,0.000,0.000,0,0
20260426T214559Z,2026-04-26T21:46:00Z,HTTP/3,0,100kb.bin,12,0,0,0,0,0,0,0,0,0,0.000,0.000,0,0
20260426T214559Z,2026-04-26T21:46:00Z,HTTP/3,0,100kb.bin,13,0,0,0,0,0,0,0,0,0,0.000,0.000,0,0
20260426T214559Z,2026-04-26T21:46:00Z,HTTP/3,0,100kb.bin,14,0,0,0,0,0,0,0,0,0,0.000,0.000,0,0
20260426T214559Z,2026-04-26T21:46:00Z,HTTP/3,0,100kb.bin,15,0,0,0,0,0,0,0,0,0,0.000,0.000,0,0
20260426T214559Z,2026-04-26T21:46:00Z,HTTP/3,0,100kb.bin,16,0,0,0,0,0,0,0,0,0,0.000,0.000,0,0
20260426T214559Z,2026-04-26T21:46:00Z,HTTP/3,0,100kb.bin,17,0,0,0,0,0,0,0,0,0,0.000,0.000,0,0
20260426T214559Z,2026-04-26T21:46:00Z,HTTP/3,0,100kb.bin,18,0,0,0,0,0,0,0,0,0,0.000,0.000,0,0
20260426T214559Z,2026-04-26T21:46:00Z,HTTP/3,0,100kb.bin,19,0,0,0,0,0,0,0,0,0,0.000,0.000,0,0
20260426T214559Z,2026-04-26T21:46:00Z,HTTP/3,0,100kb.bin,20,0,0,0,0,0,0,0,0,0,0.000,0.000,0,0
20260426T214559Z,2026-04-26T21:46:00Z,HTTP/3,0,100kb.bin,21,0,0,0,0,0,0,0,0,0,0.000,0.000,0,0
20260426T214559Z,2026-04-26T21:46:00Z,HTTP/3,0,100kb.bin,22,0,0,0,0,0,0,0,0,0,0.000,0.000,0,0
20260426T214559Z,2026-04-26T21:46:00Z,HTTP/3,0,100kb.bin,23,0,0,0,0,0,0,0,0,0,0.000,0.000,0,0
20260426T214559Z,2026-04-26T21:46:00Z,HTTP/3,0,100kb.bin,24,0,0,0,0,0,0,0,0,0,0.000,0.000,0,0
20260426T214559Z,2026-04-26T21:46:00Z,HTTP/3,0,100kb.bin,25,0,0,0,0,0,0,0,0,0,0.000,0.000,0,0
20260426T214559Z,2026-04-26T21:46:00Z,HTTP/3,0,100kb.bin,26,0,0,0,0,0,0,0,0,0,0.000,0.000,0,0
20260426T214559Z,2026-04-26T21:46:00Z,HTTP/3,0,100kb.bin,27,0,0,0,0,0,0,0,0,0,0.000,0.000,0,0
20260426T214559Z,2026-04-26T21:46:00Z,HTTP/3,0,100kb.bin,28,0,0,0,0,0,0,0,0,0,0.000,0.000,0,0
20260426T214559Z,2026-04-26T21:46:00Z,HTTP/3,0,100kb.bin,29,0,0,0,0,0,0,0,0,0,0.000,0.000,0,0
20260426T214559Z,2026-04-26T21:46:00Z,HTTP/3,0,100kb.bin,30,0,0,0,0,0,0,0,0,0,0.000,0.000,0,0
20260426T214559Z,2026-04-26T21:46:00Z,HTTP/3,0,100kb.bin,31,0,0,0,0,0,0,0,0,0,0.000,0.000,0,0
20260426T214559Z,2026-04-26T21:46:00Z,HTTP/3,0,100kb.bin,32,0,0,0,0,0,0,0,0,0,0.000,0.000,0,0
20260426T214559Z,2026-04-26T21:46:00Z,HTTP/3,0,100kb.bin,33,0,0,0,0,0,0,0,0,0,0.000,0.000,0,0
20260426T214559Z,2026-04-26T21:46:00Z,HTTP/3,0,100kb.bin,34,0,0,0,0,0,0,0,0,0,0.000,0.000,0,0
20260426T214559Z,2026-04-26T21:46:00Z,HTTP/3,0,100kb.bin,35,0,0,0,0,0,0,0,0,0,0.000,0.000,0,0
20260426T214559Z,2026-04-26T21:46:00Z,HTTP/3,0,100kb.bin,36,0,0,0,0,0,0,0,0,0,0.000,0.000,0,0
20260426T214559Z,2026-04-26T21:46:00Z,HTTP/3,0,100kb.bin,37,0,0,0,0,0,0,0,0,0,0.000,0.000,0,0
20260426T214559Z,2026-04-26T21:46:00Z,HTTP/3,0,100kb.bin,38,0,0,0,0,0,0,0,0,0,0.000,0.000,0,0
20260426T214559Z,2026-04-26T21:46:00Z,HTTP/3,0,100kb.bin,39,0,0,0,0,0,0,0,0,0,0.000,0.000,0,0
20260426T214559Z,2026-04-26T21:46:00Z,HTTP/3,0,100kb.bin,40,0,0,0,0,0,0,0,0,0,0.000,0.000,0,0
20260426T214559Z,2026-04-26T21:46:00Z,HTTP/2,2,1mb.bin,1,200,1048576,0.000207,0.000266,0.002839,0.002889,0.003361,0.004640,225986206,220689.654,215.517,1,0
20260426T214559Z,2026-04-26T21:46:00Z,HTTP/2,2,1mb.bin,2,200,1048576,0.000188,0.000248,0.002499,0.002539,0.002859,0.003748,279769477,273212.380,266.809,1,0
20260426T214559Z,2026-04-26T21:46:00Z,HTTP/2,2,1mb.bin,3,200,1048576,0.000200,0.000252,0.003040,0.003075,0.003468,0.004475,234318659,228826.815,223.464,1,0
20260426T214559Z,2026-04-26T21:46:00Z,HTTP/2,2,1mb.bin,4,200,1048576,0.000194,0.000239,0.002466,0.002499,0.002849,0.004147,252851700,246925.488,241.138,1,0
20260426T214559Z,2026-04-26T21:46:00Z,HTTP/2,2,1mb.bin,5,200,1048576,0.000253,0.000311,0.002503,0.002539,0.002910,0.003948,265596757,259371.833,253.293,1,0
20260426T214559Z,2026-04-26T21:46:00Z,HTTP/2,2,1mb.bin,6,200,1048576,0.000200,0.000244,0.002402,0.002442,0.002793,0.004135,253585489,247642.079,241.838,1,0
20260426T214559Z,2026-04-26T21:46:00Z,HTTP/2,2,1mb.bin,7,200,1048576,0.000179,0.000229,0.002526,0.002562,0.002923,0.003869,271019901,264667.872,258.465,1,0
20260426T214559Z,2026-04-26T21:46:00Z,HTTP/2,2,1mb.bin,8,200,1048576,0.000183,0.000227,0.002393,0.002427,0.002737,0.003630,288863911,282093.663,275.482,1,0
20260426T214559Z,2026-04-26T21:46:00Z,HTTP/2,2,1mb.bin,9,200,1048576,0.000192,0.000236,0.002382,0.002418,0.002742,0.003848,272498960,266112.266,259.875,1,0
20260426T214559Z,2026-04-26T21:46:00Z,HTTP/2,2,1mb.bin,10,200,1048576,0.000170,0.000209,0.002340,0.002371,0.002682,0.003738,280517924,273943.285,267.523,1,0
20260426T214559Z,2026-04-26T21:46:00Z,HTTP/2,2,1mb.bin,11,200,1048576,0.000185,0.000226,0.002403,0.002433,0.002772,0.003576,293225950,286353.467,279.642,1,0
20260426T214559Z,2026-04-26T21:46:00Z,HTTP/2,2,1mb.bin,12,200,1048576,0.000167,0.000209,0.002370,0.002400,0.002709,0.003534,296710809,289756.649,282.965,1,0
20260426T214559Z,2026-04-26T21:46:00Z,HTTP/2,2,1mb.bin,13,200,1048576,0.000159,0.000205,0.002358,0.002388,0.002706,0.003563,294295818,287398.260,280.662,1,0
20260426T214559Z,2026-04-26T21:46:00Z,HTTP/2,2,1mb.bin,14,200,1048576,0.000164,0.000202,0.002382,0.002413,0.002744,0.003648,287438596,280701.754,274.123,1,0
20260426T214559Z,2026-04-26T21:46:00Z,HTTP/2,2,1mb.bin,15,200,1048576,0.000167,0.000203,0.002385,0.002416,0.002773,0.003720,281875268,275268.816,268.817,1,0
20260426T214559Z,2026-04-26T21:46:00Z,HTTP/2,2,1mb.bin,16,200,1048576,0.000160,0.000196,0.002357,0.002387,0.002713,0.003918,267630423,261357.835,255.232,1,0
20260426T214559Z,2026-04-26T21:46:00Z,HTTP/2,2,1mb.bin,17,200,1048576,0.000168,0.000207,0.002298,0.002328,0.002608,0.003558,294709387,287802.136,281.057,1,0
20260426T214559Z,2026-04-26T21:46:00Z,HTTP/2,2,1mb.bin,18,200,1048576,0.000205,0.000249,0.002403,0.002434,0.002743,0.003586,292408254,285554.936,278.862,1,0
20260426T214559Z,2026-04-26T21:46:00Z,HTTP/2,2,1mb.bin,19,200,1048576,0.000188,0.000229,0.002499,0.002529,0.002889,0.004081,256940945,250918.892,245.038,1,0
20260426T214559Z,2026-04-26T21:46:00Z,HTTP/2,2,1mb.bin,20,200,1048576,0.000164,0.000205,0.002345,0.002376,0.002675,0.003516,298229806,291240.045,284.414,1,0
20260426T214559Z,2026-04-26T21:46:00Z,HTTP/2,2,1mb.bin,21,200,1048576,0.000203,0.000252,0.002453,0.002485,0.002831,0.004010,261490274,255361.596,249.377,1,0
20260426T214559Z,2026-04-26T21:46:00Z,HTTP/2,2,1mb.bin,22,200,1048576,0.000164,0.000207,0.002416,0.002449,0.002792,0.003880,270251546,263917.525,257.732,1,0
20260426T214559Z,2026-04-26T21:46:00Z,HTTP/2,2,1mb.bin,23,200,1048576,0.000168,0.000208,0.002369,0.002401,0.002723,0.003659,286574473,279857.884,273.299,1,0
20260426T214559Z,2026-04-26T21:46:00Z,HTTP/2,2,1mb.bin,24,200,1048576,0.000144,0.000181,0.002329,0.002360,0.002694,0.003615,290062517,283264.177,276.625,1,0
20260426T214559Z,2026-04-26T21:46:00Z,HTTP/2,2,1mb.bin,25,200,1048576,0.000191,0.000234,0.002451,0.002483,0.002815,0.003793,276450303,269970.999,263.644,1,0
20260426T214559Z,2026-04-26T21:46:00Z,HTTP/2,2,1mb.bin,26,200,1048576,0.000151,0.000187,0.002356,0.002390,0.002699,0.003615,290062517,283264.177,276.625,1,0
20260426T214559Z,2026-04-26T21:46:00Z,HTTP/2,2,1mb.bin,27,200,1048576,0.000159,0.000194,0.002318,0.002347,0.002640,0.003554,295041080,288126.055,281.373,1,0
20260426T214559Z,2026-04-26T21:46:00Z,HTTP/2,2,1mb.bin,28,200,1048576,0.000149,0.000189,0.002702,0.002739,0.003109,0.004149,252729814,246806.459,241.022,1,0
20260426T214559Z,2026-04-26T21:46:00Z,HTTP/2,2,1mb.bin,29,200,1048576,0.000173,0.000214,0.002376,0.002411,0.002713,0.003900,268865641,262564.103,256.410,1,0
20260426T214559Z,2026-04-26T21:46:00Z,HTTP/2,2,1mb.bin,30,200,1048576,0.000161,0.000199,0.002393,0.002426,0.002711,0.003719,281951062,275342.834,268.889,1,0
20260426T214559Z,2026-04-26T21:46:00Z,HTTP/2,2,1mb.bin,31,200,1048576,0.000156,0.000194,0.002346,0.002386,0.002690,0.003604,290947835,284128.745,277.469,1,0
20260426T214559Z,2026-04-26T21:46:00Z,HTTP/2,2,1mb.bin,32,200,1048576,0.000156,0.000208,0.002347,0.002383,0.002763,0.003720,281875268,275268.816,268.817,1,0
20260426T214559Z,2026-04-26T21:46:00Z,HTTP/2,2,1mb.bin,33,200,1048576,0.000188,0.000231,0.002420,0.002451,0.002749,0.003630,288863911,282093.663,275.482,1,0
20260426T214559Z,2026-04-26T21:46:00Z,HTTP/2,2,1mb.bin,34,200,1048576,0.000185,0.000226,0.002404,0.002433,0.002757,0.003944,265866125,259634.888,253.550,1,0
20260426T214559Z,2026-04-26T21:46:00Z,HTTP/2,2,1mb.bin,35,200,1048576,0.000276,0.000313,0.002451,0.002480,0.002787,0.003618,289822001,283029.298,276.396,1,0
20260426T214559Z,2026-04-26T21:46:00Z,HTTP/2,2,1mb.bin,36,200,1048576,0.000164,0.000205,0.002351,0.002380,0.002683,0.003743,280143200,273577.344,267.165,1,0
20260426T214559Z,2026-04-26T21:46:00Z,HTTP/2,2,1mb.bin,37,200,1048576,0.000186,0.000231,0.002390,0.002420,0.002752,0.003884,269973223,263645.726,257.467,1,0
20260426T214559Z,2026-04-26T21:46:00Z,HTTP/2,2,1mb.bin,38,200,1048576,0.000165,0.000204,0.002391,0.002423,0.002732,0.003761,278802446,272268.014,265.887,1,0
20260426T214559Z,2026-04-26T21:46:00Z,HTTP/2,2,1mb.bin,39,200,1048576,0.000163,0.000200,0.002337,0.002368,0.002707,0.003755,279247936,272703.062,266.312,1,0
20260426T214559Z,2026-04-26T21:46:00Z,HTTP/2,2,1mb.bin,40,200,1048576,0.000166,0.000206,0.002350,0.002380,0.002698,0.003626,289182570,282404.854,275.786,1,0
20260426T214559Z,2026-04-26T21:46:00Z,HTTP/3,0,1mb.bin,1,0,0,0,0,0,0,0,0,0,0.000,0.000,0,0
20260426T214559Z,2026-04-26T21:46:00Z,HTTP/3,0,1mb.bin,2,0,0,0,0,0,0,0,0,0,0.000,0.000,0,0
20260426T214559Z,2026-04-26T21:46:00Z,HTTP/3,0,1mb.bin,3,0,0,0,0,0,0,0,0,0,0.000,0.000,0,0
20260426T214559Z,2026-04-26T21:46:00Z,HTTP/3,0,1mb.bin,4,0,0,0,0,0,0,0,0,0,0.000,0.000,0,0
20260426T214559Z,2026-04-26T21:46:00Z,HTTP/3,0,1mb.bin,5,0,0,0,0,0,0,0,0,0,0.000,0.000,0,0
20260426T214559Z,2026-04-26T21:46:00Z,HTTP/3,0,1mb.bin,6,0,0,0,0,0,0,0,0,0,0.000,0.000,0,0
20260426T214559Z,2026-04-26T21:46:00Z,HTTP/3,0,1mb.bin,7,0,0,0,0,0,0,0,0,0,0.000,0.000,0,0
20260426T214559Z,2026-04-26T21:46:00Z,HTTP/3,0,1mb.bin,8,0,0,0,0,0,0,0,0,0,0.000,0.000,0,0
20260426T214559Z,2026-04-26T21:46:00Z,HTTP/3,0,1mb.bin,9,0,0,0,0,0,0,0,0,0,0.000,0.000,0,0
20260426T214559Z,2026-04-26T21:46:00Z,HTTP/3,0,1mb.bin,10,0,0,0,0,0,0,0,0,0,0.000,0.000,0,0
20260426T214559Z,2026-04-26T21:46:00Z,HTTP/3,0,1mb.bin,11,0,0,0,0,0,0,0,0,0,0.000,0.000,0,0
20260426T214559Z,2026-04-26T21:46:00Z,HTTP/3,0,1mb.bin,12,0,0,0,0,0,0,0,0,0,0.000,0.000,0,0
20260426T214559Z,2026-04-26T21:46:01Z,HTTP/3,0,1mb.bin,13,0,0,0,0,0,0,0,0,0,0.000,0.000,0,0
20260426T214559Z,2026-04-26T21:46:01Z,HTTP/3,0,1mb.bin,14,0,0,0,0,0,0,0,0,0,0.000,0.000,0,0
20260426T214559Z,2026-04-26T21:46:01Z,HTTP/3,0,1mb.bin,15,0,0,0,0,0,0,0,0,0,0.000,0.000,0,0
20260426T214559Z,2026-04-26T21:46:01Z,HTTP/3,0,1mb.bin,16,0,0,0,0,0,0,0,0,0,0.000,0.000,0,0
20260426T214559Z,2026-04-26T21:46:01Z,HTTP/3,0,1mb.bin,17,0,0,0,0,0,0,0,0,0,0.000,0.000,0,0
20260426T214559Z,2026-04-26T21:46:01Z,HTTP/3,0,1mb.bin,18,0,0,0,0,0,0,0,0,0,0.000,0.000,0,0
20260426T214559Z,2026-04-26T21:46:01Z,HTTP/3,0,1mb.bin,19,0,0,0,0,0,0,0,0,0,0.000,0.000,0,0
20260426T214559Z,2026-04-26T21:46:01Z,HTTP/3,0,1mb.bin,20,0,0,0,0,0,0,0,0,0,0.000,0.000,0,0
20260426T214559Z,2026-04-26T21:46:01Z,HTTP/3,0,1mb.bin,21,0,0,0,0,0,0,0,0,0,0.000,0.000,0,0
20260426T214559Z,2026-04-26T21:46:01Z,HTTP/3,0,1mb.bin,22,0,0,0,0,0,0,0,0,0,0.000,0.000,0,0
20260426T214559Z,2026-04-26T21:46:01Z,HTTP/3,0,1mb.bin,23,0,0,0,0,0,0,0,0,0,0.000,0.000,0,0
20260426T214559Z,2026-04-26T21:46:01Z,HTTP/3,0,1mb.bin,24,0,0,0,0,0,0,0,0,0,0.000,0.000,0,0
20260426T214559Z,2026-04-26T21:46:01Z,HTTP/3,0,1mb.bin,25,0,0,0,0,0,0,0,0,0,0.000,0.000,0,0
20260426T214559Z,2026-04-26T21:46:01Z,HTTP/3,0,1mb.bin,26,0,0,0,0,0,0,0,0,0,0.000,0.000,0,0
20260426T214559Z,2026-04-26T21:46:01Z,HTTP/3,0,1mb.bin,27,0,0,0,0,0,0,0,0,0,0.000,0.000,0,0
20260426T214559Z,2026-04-26T21:46:01Z,HTTP/3,0,1mb.bin,28,0,0,0,0,0,0,0,0,0,0.000,0.000,0,0
20260426T214559Z,2026-04-26T21:46:01Z,HTTP/3,0,1mb.bin,29,0,0,0,0,0,0,0,0,0,0.000,0.000,0,0
20260426T214559Z,2026-04-26T21:46:01Z,HTTP/3,0,1mb.bin,30,0,0,0,0,0,0,0,0,0,0.000,0.000,0,0
20260426T214559Z,2026-04-26T21:46:01Z,HTTP/3,0,1mb.bin,31,0,0,0,0,0,0,0,0,0,0.000,0.000,0,0
20260426T214559Z,2026-04-26T21:46:01Z,HTTP/3,0,1mb.bin,32,0,0,0,0,0,0,0,0,0,0.000,0.000,0,0
20260426T214559Z,2026-04-26T21:46:01Z,HTTP/3,0,1mb.bin,33,0,0,0,0,0,0,0,0,0,0.000,0.000,0,0
20260426T214559Z,2026-04-26T21:46:01Z,HTTP/3,0,1mb.bin,34,0,0,0,0,0,0,0,0,0,0.000,0.000,0,0
20260426T214559Z,2026-04-26T21:46:01Z,HTTP/3,0,1mb.bin,35,0,0,0,0,0,0,0,0,0,0.000,0.000,0,0
20260426T214559Z,2026-04-26T21:46:01Z,HTTP/3,0,1mb.bin,36,0,0,0,0,0,0,0,0,0,0.000,0.000,0,0
20260426T214559Z,2026-04-26T21:46:01Z,HTTP/3,0,1mb.bin,37,0,0,0,0,0,0,0,0,0,0.000,0.000,0,0
20260426T214559Z,2026-04-26T21:46:01Z,HTTP/3,0,1mb.bin,38,0,0,0,0,0,0,0,0,0,0.000,0.000,0,0
20260426T214559Z,2026-04-26T21:46:01Z,HTTP/3,0,1mb.bin,39,0,0,0,0,0,0,0,0,0,0.000,0.000,0,0
20260426T214559Z,2026-04-26T21:46:01Z,HTTP/3,0,1mb.bin,40,0,0,0,0,0,0,0,0,0,0.000,0.000,0,0
20260426T214559Z,2026-04-26T21:46:01Z,HTTP/2,2,5mb.bin,1,200,5242880,0.000193,0.000246,0.002507,0.002552,0.002922,0.007412,707350242,690771.721,674.582,1,0
20260426T214559Z,2026-04-26T21:46:01Z,HTTP/2,2,5mb.bin,2,200,5242880,0.000187,0.000234,0.002402,0.002436,0.002863,0.008007,654787061,639440.489,624.454,1,0
20260426T214559Z,2026-04-26T21:46:01Z,HTTP/2,2,5mb.bin,3,200,5242880,0.000183,0.000231,0.002400,0.002434,0.002910,0.007875,665762539,650158.729,634.921,1,0
20260426T214559Z,2026-04-26T21:46:01Z,HTTP/2,2,5mb.bin,4,200,5242880,0.000174,0.000224,0.002408,0.002439,0.002835,0.007581,691581585,675372.642,659.544,1,0
20260426T214559Z,2026-04-26T21:46:01Z,HTTP/2,2,5mb.bin,5,200,5242880,0.000207,0.000248,0.002667,0.002699,0.003131,0.007700,680893506,664935.064,649.351,1,0
20260426T214559Z,2026-04-26T21:46:01Z,HTTP/2,2,5mb.bin,6,200,5242880,0.000170,0.000211,0.002377,0.002407,0.002806,0.007515,697655355,681304.058,665.336,1,0
20260426T214559Z,2026-04-26T21:46:01Z,HTTP/2,2,5mb.bin,7,200,5242880,0.000174,0.000215,0.002388,0.002420,0.002860,0.007364,711960890,695274.307,678.979,1,0
20260426T214559Z,2026-04-26T21:46:01Z,HTTP/2,2,5mb.bin,8,200,5242880,0.000171,0.000226,0.002411,0.002441,0.002885,0.008784,596867030,582877.959,569.217,1,0
20260426T214559Z,2026-04-26T21:46:01Z,HTTP/2,2,5mb.bin,9,200,5242880,0.000238,0.000275,0.002421,0.002452,0.003781,0.008173,641487825,626452.954,611.770,1,0
20260426T214559Z,2026-04-26T21:46:01Z,HTTP/2,2,5mb.bin,10,200,5242880,0.000216,0.000260,0.002410,0.002442,0.002859,0.006992,749839816,732265.445,715.103,1,0
20260426T214559Z,2026-04-26T21:46:01Z,HTTP/2,2,5mb.bin,11,200,5242880,0.000167,0.000214,0.002368,0.002399,0.002806,0.008103,647029495,631864.741,617.055,1,0
20260426T214559Z,2026-04-26T21:46:01Z,HTTP/2,2,5mb.bin,12,200,5242880,0.000175,0.000226,0.002413,0.002443,0.002867,0.007344,713899782,697167.756,680.828,1,0
20260426T214559Z,2026-04-26T21:46:01Z,HTTP/2,2,5mb.bin,13,200,5242880,0.000175,0.000219,0.002423,0.002454,0.002907,0.007052,743460011,726035.167,709.019,1,0
20260426T214559Z,2026-04-26T21:46:01Z,HTTP/2,2,5mb.bin,14,200,5242880,0.000178,0.000219,0.002357,0.002386,0.002806,0.008568,611914098,597572.361,583.567,1,0
20260426T214559Z,2026-04-26T21:46:01Z,HTTP/2,2,5mb.bin,15,200,5242880,0.000165,0.000205,0.002376,0.002418,0.002768,0.007741,677287172,661413.254,645.911,1,0
20260426T214559Z,2026-04-26T21:46:01Z,HTTP/2,2,5mb.bin,16,200,5242880,0.000165,0.000205,0.002415,0.002447,0.002876,0.008218,637975176,623022.633,608.421,1,0
20260426T214559Z,2026-04-26T21:46:01Z,HTTP/2,2,5mb.bin,17,200,5242880,0.000213,0.000260,0.002421,0.002451,0.002826,0.006899,759947818,742136.541,724.743,1,0
20260426T214559Z,2026-04-26T21:46:01Z,HTTP/2,2,5mb.bin,18,200,5242880,0.000168,0.000206,0.002366,0.002395,0.002790,0.008460,619725768,605200.945,591.017,1,0
20260426T214559Z,2026-04-26T21:46:01Z,HTTP/2,2,5mb.bin,19,200,5242880,0.000165,0.000206,0.002348,0.002383,0.002801,0.008042,651937329,636657.548,621.736,1,0
20260426T214559Z,2026-04-26T21:46:01Z,HTTP/2,2,5mb.bin,20,200,5242880,0.000169,0.000209,0.002375,0.002409,0.002814,0.007376,710802603,694143.167,677.874,1,0
20260426T214559Z,2026-04-26T21:46:01Z,HTTP/2,2,5mb.bin,21,200,5242880,0.000175,0.000214,0.002373,0.002405,0.002837,0.007610,688946123,672798.948,657.030,1,0
20260426T214559Z,2026-04-26T21:46:01Z,HTTP/2,2,5mb.bin,22,200,5242880,0.000217,0.000262,0.002403,0.002434,0.002861,0.008816,594700544,580762.250,567.151,1,0
20260426T214559Z,2026-04-26T21:46:01Z,HTTP/2,2,5mb.bin,23,200,5242880,0.000175,0.000215,0.002370,0.002400,0.002817,0.008477,618482953,603987.259,589.831,1,0
20260426T214559Z,2026-04-26T21:46:01Z,HTTP/2,2,5mb.bin,24,200,5242880,0.000217,0.000258,0.002373,0.002409,0.002801,0.007136,734708520,717488.789,700.673,1,0
20260426T214559Z,2026-04-26T21:46:01Z,HTTP/2,2,5mb.bin,25,200,5242880,0.000161,0.000201,0.002373,0.002404,0.002831,0.008776,597411121,583409.298,569.736,1,0
20260426T214559Z,2026-04-26T21:46:01Z,HTTP/2,2,5mb.bin,26,200,5242880,0.000164,0.000210,0.002349,0.002380,0.002840,0.008660,605413394,591224.018,577.367,1,0
20260426T214559Z,2026-04-26T21:46:01Z,HTTP/2,2,5mb.bin,27,200,5242880,0.000159,0.000198,0.002371,0.002402,0.002827,0.007298,718399561,701562.071,685.119,1,0
20260426T214559Z,2026-04-26T21:46:01Z,HTTP/2,2,5mb.bin,28,200,5242880,0.000175,0.000215,0.002395,0.002430,0.002845,0.007924,661645633,646138.313,630.994,1,0
20260426T214559Z,2026-04-26T21:46:01Z,HTTP/2,2,5mb.bin,29,200,5242880,0.000272,0.000321,0.002508,0.002540,0.002919,0.008816,594700544,580762.250,567.151,1,0
20260426T214559Z,2026-04-26T21:46:01Z,HTTP/2,2,5mb.bin,30,200,5242880,0.000175,0.000217,0.002430,0.002462,0.002816,0.008778,597275005,583276.372,569.606,1,0
20260426T214559Z,2026-04-26T21:46:01Z,HTTP/2,2,5mb.bin,31,200,5242880,0.000213,0.000253,0.002403,0.002436,0.002832,0.008554,612915595,598550.386,584.522,1,0
20260426T214559Z,2026-04-26T21:46:01Z,HTTP/2,2,5mb.bin,32,200,5242880,0.000166,0.000211,0.002350,0.002380,0.002773,0.008205,638985984,624009.750,609.385,1,0
20260426T214559Z,2026-04-26T21:46:01Z,HTTP/2,2,5mb.bin,33,200,5242880,0.000171,0.000223,0.002409,0.002441,0.002874,0.007252,722956425,706012.134,689.465,1,0
20260426T214559Z,2026-04-26T21:46:01Z,HTTP/2,2,5mb.bin,34,200,5242880,0.000170,0.000212,0.002379,0.002409,0.002881,0.007664,684091858,668058.455,652.401,1,0
20260426T214559Z,2026-04-26T21:46:01Z,HTTP/2,2,5mb.bin,35,200,5242880,0.000185,0.000230,0.002349,0.002379,0.002760,0.008298,631824536,617016.148,602.555,1,0
20260426T214559Z,2026-04-26T21:46:01Z,HTTP/2,2,5mb.bin,36,200,5242880,0.000168,0.000209,0.002404,0.002435,0.002830,0.008855,592081309,578204.403,564.653,1,0
20260426T214559Z,2026-04-26T21:46:01Z,HTTP/2,2,5mb.bin,37,200,5242880,0.000194,0.000232,0.002387,0.002418,0.002786,0.008641,606744589,592524.013,578.637,1,0
20260426T214559Z,2026-04-26T21:46:01Z,HTTP/2,2,5mb.bin,38,200,5242880,0.000201,0.000241,0.002392,0.002421,0.002907,0.007503,698771158,682393.709,666.400,1,0
20260426T214559Z,2026-04-26T21:46:01Z,HTTP/2,2,5mb.bin,39,200,5242880,0.000177,0.000219,0.002384,0.002414,0.002824,0.008482,618118368,603631.219,589.484,1,0
20260426T214559Z,2026-04-26T21:46:01Z,HTTP/2,2,5mb.bin,40,200,5242880,0.000167,0.000206,0.002336,0.002367,0.002824,0.007311,717122144,700314.594,683.901,1,0
20260426T214559Z,2026-04-26T21:46:01Z,HTTP/3,0,5mb.bin,1,0,0,0,0,0,0,0,0,0,0.000,0.000,0,0
20260426T214559Z,2026-04-26T21:46:01Z,HTTP/3,0,5mb.bin,2,0,0,0,0,0,0,0,0,0,0.000,0.000,0,0
20260426T214559Z,2026-04-26T21:46:01Z,HTTP/3,0,5mb.bin,3,0,0,0,0,0,0,0,0,0,0.000,0.000,0,0
20260426T214559Z,2026-04-26T21:46:01Z,HTTP/3,0,5mb.bin,4,0,0,0,0,0,0,0,0,0,0.000,0.000,0,0
20260426T214559Z,2026-04-26T21:46:01Z,HTTP/3,0,5mb.bin,5,0,0,0,0,0,0,0,0,0,0.000,0.000,0,0
20260426T214559Z,2026-04-26T21:46:01Z,HTTP/3,0,5mb.bin,6,0,0,0,0,0,0,0,0,0,0.000,0.000,0,0
20260426T214559Z,2026-04-26T21:46:01Z,HTTP/3,0,5mb.bin,7,0,0,0,0,0,0,0,0,0,0.000,0.000,0,0
20260426T214559Z,2026-04-26T21:46:01Z,HTTP/3,0,5mb.bin,8,0,0,0,0,0,0,0,0,0,0.000,0.000,0,0
20260426T214559Z,2026-04-26T21:46:01Z,HTTP/3,0,5mb.bin,9,0,0,0,0,0,0,0,0,0,0.000,0.000,0,0
20260426T214559Z,2026-04-26T21:46:01Z,HTTP/3,0,5mb.bin,10,0,0,0,0,0,0,0,0,0,0.000,0.000,0,0
20260426T214559Z,2026-04-26T21:46:01Z,HTTP/3,0,5mb.bin,11,0,0,0,0,0,0,0,0,0,0.000,0.000,0,0
20260426T214559Z,2026-04-26T21:46:01Z,HTTP/3,0,5mb.bin,12,0,0,0,0,0,0,0,0,0,0.000,0.000,0,0
20260426T214559Z,2026-04-26T21:46:01Z,HTTP/3,0,5mb.bin,13,0,0,0,0,0,0,0,0,0,0.000,0.000,0,0
20260426T214559Z,2026-04-26T21:46:01Z,HTTP/3,0,5mb.bin,14,0,0,0,0,0,0,0,0,0,0.000,0.000,0,0
20260426T214559Z,2026-04-26T21:46:01Z,HTTP/3,0,5mb.bin,15,0,0,0,0,0,0,0,0,0,0.000,0.000,0,0
20260426T214559Z,2026-04-26T21:46:02Z,HTTP/3,0,5mb.bin,16,0,0,0,0,0,0,0,0,0,0.000,0.000,0,0
20260426T214559Z,2026-04-26T21:46:02Z,HTTP/3,0,5mb.bin,17,0,0,0,0,0,0,0,0,0,0.000,0.000,0,0
20260426T214559Z,2026-04-26T21:46:02Z,HTTP/3,0,5mb.bin,18,0,0,0,0,0,0,0,0,0,0.000,0.000,0,0
20260426T214559Z,2026-04-26T21:46:02Z,HTTP/3,0,5mb.bin,19,0,0,0,0,0,0,0,0,0,0.000,0.000,0,0
20260426T214559Z,2026-04-26T21:46:02Z,HTTP/3,0,5mb.bin,20,0,0,0,0,0,0,0,0,0,0.000,0.000,0,0
20260426T214559Z,2026-04-26T21:46:02Z,HTTP/3,0,5mb.bin,21,0,0,0,0,0,0,0,0,0,0.000,0.000,0,0
20260426T214559Z,2026-04-26T21:46:02Z,HTTP/3,0,5mb.bin,22,0,0,0,0,0,0,0,0,0,0.000,0.000,0,0
20260426T214559Z,2026-04-26T21:46:02Z,HTTP/3,0,5mb.bin,23,0,0,0,0,0,0,0,0,0,0.000,0.000,0,0
20260426T214559Z,2026-04-26T21:46:02Z,HTTP/3,0,5mb.bin,24,0,0,0,0,0,0,0,0,0,0.000,0.000,0,0
20260426T214559Z,2026-04-26T21:46:02Z,HTTP/3,0,5mb.bin,25,0,0,0,0,0,0,0,0,0,0.000,0.000,0,0
20260426T214559Z,2026-04-26T21:46:02Z,HTTP/3,0,5mb.bin,26,0,0,0,0,0,0,0,0,0,0.000,0.000,0,0
20260426T214559Z,2026-04-26T21:46:02Z,HTTP/3,0,5mb.bin,27,0,0,0,0,0,0,0,0,0,0.000,0.000,0,0
20260426T214559Z,2026-04-26T21:46:02Z,HTTP/3,0,5mb.bin,28,0,0,0,0,0,0,0,0,0,0.000,0.000,0,0
20260426T214559Z,2026-04-26T21:46:02Z,HTTP/3,0,5mb.bin,29,0,0,0,0,0,0,0,0,0,0.000,0.000,0,0
20260426T214559Z,2026-04-26T21:46:02Z,HTTP/3,0,5mb.bin,30,0,0,0,0,0,0,0,0,0,0.000,0.000,0,0
20260426T214559Z,2026-04-26T21:46:02Z,HTTP/3,0,5mb.bin,31,0,0,0,0,0,0,0,0,0,0.000,0.000,0,0
20260426T214559Z,2026-04-26T21:46:02Z,HTTP/3,0,5mb.bin,32,0,0,0,0,0,0,0,0,0,0.000,0.000,0,0
20260426T214559Z,2026-04-26T21:46:02Z,HTTP/3,0,5mb.bin,33,0,0,0,0,0,0,0,0,0,0.000,0.000,0,0
20260426T214559Z,2026-04-26T21:46:02Z,HTTP/3,0,5mb.bin,34,0,0,0,0,0,0,0,0,0,0.000,0.000,0,0
20260426T214559Z,2026-04-26T21:46:02Z,HTTP/3,0,5mb.bin,35,0,0,0,0,0,0,0,0,0,0.000,0.000,0,0
20260426T214559Z,2026-04-26T21:46:02Z,HTTP/3,0,5mb.bin,36,0,0,0,0,0,0,0,0,0,0.000,0.000,0,0
20260426T214559Z,2026-04-26T21:46:02Z,HTTP/3,0,5mb.bin,37,0,0,0,0,0,0,0,0,0,0.000,0.000,0,0
20260426T214559Z,2026-04-26T21:46:02Z,HTTP/3,0,5mb.bin,38,0,0,0,0,0,0,0,0,0,0.000,0.000,0,0
20260426T214559Z,2026-04-26T21:46:02Z,HTTP/3,0,5mb.bin,39,0,0,0,0,0,0,0,0,0,0.000,0.000,0,0
20260426T214559Z,2026-04-26T21:46:02Z,HTTP/3,0,5mb.bin,40,0,0,0,0,0,0,0,0,0,0.000,0.000,0,0
20260426T214559Z,2026-04-26T21:46:02Z,HTTP/2,2,small_page.bin,1,200,481280,0.000208,0.000265,0.002581,0.002621,0.002970,0.003402,141469723,138154.026,134.916,1,0
20260426T214559Z,2026-04-26T21:46:02Z,HTTP/2,2,small_page.bin,2,200,481280,0.000172,0.000214,0.002423,0.002455,0.002799,0.003205,150165366,146645.865,143.209,1,0
20260426T214559Z,2026-04-26T21:46:02Z,HTTP/2,2,small_page.bin,3,200,481280,0.000163,0.000201,0.002382,0.002411,0.002708,0.003145,153030206,149443.561,145.941,1,0
20260426T214559Z,2026-04-26T21:46:02Z,HTTP/2,2,small_page.bin,4,200,481280,0.000157,0.000195,0.002367,0.002408,0.002736,0.003238,148634959,145151.327,141.749,1,0
20260426T214559Z,2026-04-26T21:46:02Z,HTTP/2,2,small_page.bin,5,200,481280,0.000192,0.000235,0.002435,0.002470,0.002784,0.003335,144311844,140929.535,137.626,1,0
20260426T214559Z,2026-04-26T21:46:02Z,HTTP/2,2,small_page.bin,6,200,481280,0.000161,0.000198,0.002506,0.002539,0.002845,0.003432,140233100,136946.387,133.737,1,0
20260426T214559Z,2026-04-26T21:46:02Z,HTTP/2,2,small_page.bin,7,200,481280,0.000173,0.000210,0.002364,0.002404,0.002732,0.003300,145842424,142424.242,139.086,1,0
20260426T214559Z,2026-04-26T21:46:02Z,HTTP/2,2,small_page.bin,8,200,481280,0.000163,0.000198,0.002369,0.002402,0.002718,0.003286,146463785,143031.040,139.679,1,0
20260426T214559Z,2026-04-26T21:46:02Z,HTTP/2,2,small_page.bin,9,200,481280,0.000164,0.000201,0.002325,0.002361,0.002721,0.003171,151775465,148218.228,144.744,1,0
20260426T214559Z,2026-04-26T21:46:02Z,HTTP/2,2,small_page.bin,10,200,481280,0.000159,0.000193,0.002355,0.002385,0.002706,0.003065,157024469,153344.208,149.750,1,0
20260426T214559Z,2026-04-26T21:46:02Z,HTTP/2,2,small_page.bin,11,200,481280,0.000177,0.000214,0.002384,0.002413,0.002707,0.003266,147360685,143906.919,140.534,1,0
20260426T214559Z,2026-04-26T21:46:02Z,HTTP/2,2,small_page.bin,12,200,481280,0.000186,0.000226,0.002432,0.002464,0.002793,0.003305,145621785,142208.774,138.876,1,0
20260426T214559Z,2026-04-26T21:46:02Z,HTTP/2,2,small_page.bin,13,200,481280,0.000149,0.000184,0.002362,0.002391,0.002750,0.003167,151967161,148405.431,144.927,1,0
20260426T214559Z,2026-04-26T21:46:02Z,HTTP/2,2,small_page.bin,14,200,481280,0.000147,0.000182,0.002314,0.002344,0.002680,0.003223,149326714,145826.869,142.409,1,0
20260426T214559Z,2026-04-26T21:46:02Z,HTTP/2,2,small_page.bin,15,200,481280,0.000172,0.000210,0.002406,0.002438,0.002733,0.003233,148864831,145375.812,141.969,1,0
20260426T214559Z,2026-04-26T21:46:02Z,HTTP/2,2,small_page.bin,16,200,481280,0.000156,0.000194,0.002403,0.002433,0.002758,0.003194,150682529,147150.907,143.702,1,0
20260426T214559Z,2026-04-26T21:46:02Z,HTTP/2,2,small_page.bin,17,200,481280,0.000183,0.000221,0.002335,0.002365,0.002652,0.003240,148543209,145061.728,141.662,1,0
20260426T214559Z,2026-04-26T21:46:02Z,HTTP/2,2,small_page.bin,18,200,481280,0.000176,0.000213,0.002448,0.002480,0.002799,0.003194,150682529,147150.907,143.702,1,0
20260426T214559Z,2026-04-26T21:46:02Z,HTTP/2,2,small_page.bin,19,200,481280,0.000149,0.000182,0.002346,0.002375,0.003074,0.003625,132766896,129655.172,126.616,1,0
20260426T214559Z,2026-04-26T21:46:02Z,HTTP/2,2,small_page.bin,20,200,481280,0.000155,0.000193,0.002398,0.002429,0.002733,0.003269,147225451,143774.854,140.405,1,0
20260426T214559Z,2026-04-26T21:46:02Z,HTTP/2,2,small_page.bin,21,200,481280,0.000175,0.000214,0.002386,0.002419,0.002746,0.003167,151967161,148405.431,144.927,1,0
20260426T214559Z,2026-04-26T21:46:02Z,HTTP/2,2,small_page.bin,22,200,481280,0.000174,0.000230,0.002388,0.002419,0.002756,0.003207,150071718,146554.412,143.120,1,0
20260426T214559Z,2026-04-26T21:46:02Z,HTTP/2,2,small_page.bin,23,200,481280,0.000179,0.000233,0.002411,0.002441,0.002794,0.003423,140601811,137306.456,134.088,1,0
20260426T214559Z,2026-04-26T21:46:02Z,HTTP/2,2,small_page.bin,24,200,481280,0.000207,0.000248,0.002411,0.002445,0.002745,0.003236,148726823,145241.038,141.837,1,0
20260426T214559Z,2026-04-26T21:46:02Z,HTTP/2,2,small_page.bin,25,200,481280,0.000171,0.000208,0.002367,0.002399,0.002724,0.003285,146508371,143074.581,139.721,1,0
20260426T214559Z,2026-04-26T21:46:02Z,HTTP/2,2,small_page.bin,26,200,481280,0.000198,0.000232,0.002351,0.002379,0.002665,0.003068,156870925,153194.263,149.604,1,0
20260426T214559Z,2026-04-26T21:46:02Z,HTTP/2,2,small_page.bin,27,200,481280,0.000159,0.000199,0.002347,0.002379,0.002664,0.003263,147496169,144039.228,140.663,1,0
20260426T214559Z,2026-04-26T21:46:02Z,HTTP/2,2,small_page.bin,28,200,481280,0.000165,0.000208,0.002406,0.002435,0.002774,0.003212,149838107,146326.276,142.897,1,0
20260426T214559Z,2026-04-26T21:46:02Z,HTTP/2,2,small_page.bin,29,200,481280,0.000146,0.000178,0.002298,0.002327,0.002617,0.003064,157075718,153394.256,149.799,1,0
20260426T214559Z,2026-04-26T21:46:02Z,HTTP/2,2,small_page.bin,30,200,481280,0.000164,0.000198,0.002305,0.002336,0.002631,0.003244,148360049,144882.860,141.487,1,0
20260426T214559Z,2026-04-26T21:46:02Z,HTTP/2,2,small_page.bin,31,200,481280,0.000176,0.000214,0.002361,0.002391,0.002666,0.003134,153567326,149968.092,146.453,1,0
20260426T214559Z,2026-04-26T21:46:02Z,HTTP/2,2,small_page.bin,32,200,481280,0.000186,0.000227,0.002451,0.002483,0.002825,0.003333,144398439,141014.101,137.709,1,0
20260426T214559Z,2026-04-26T21:46:02Z,HTTP/2,2,small_page.bin,33,200,481280,0.000174,0.000210,0.002354,0.002383,0.002694,0.003187,151013492,147474.113,144.018,1,0
20260426T214559Z,2026-04-26T21:46:02Z,HTTP/2,2,small_page.bin,34,200,481280,0.000161,0.000198,0.002333,0.002364,0.002632,0.003043,158159710,154452.842,150.833,1,0
20260426T214559Z,2026-04-26T21:46:02Z,HTTP/2,2,small_page.bin,35,200,481280,0.000153,0.000196,0.002376,0.002410,0.002723,0.003225,149234108,145736.434,142.321,1,0
20260426T214559Z,2026-04-26T21:46:02Z,HTTP/2,2,small_page.bin,36,200,481280,0.000167,0.000202,0.002365,0.002395,0.002714,0.003142,153176320,149586.250,146.080,1,0
20260426T214559Z,2026-04-26T21:46:02Z,HTTP/2,2,small_page.bin,37,200,481280,0.000193,0.000237,0.002413,0.002443,0.002775,0.003291,146241264,142813.734,139.467,1,0
20260426T214559Z,2026-04-26T21:46:02Z,HTTP/2,2,small_page.bin,38,200,481280,0.000160,0.000195,0.002331,0.002361,0.002775,0.003284,146552984,143118.148,139.764,1,0
20260426T214559Z,2026-04-26T21:46:02Z,HTTP/2,2,small_page.bin,39,200,481280,0.000166,0.000204,0.002328,0.002358,0.002679,0.003148,152884371,149301.144,145.802,1,0
20260426T214559Z,2026-04-26T21:46:02Z,HTTP/2,2,small_page.bin,40,200,481280,0.000158,0.000203,0.002367,0.002403,0.002743,0.003261,147586629,144127.567,140.750,1,0
20260426T214559Z,2026-04-26T21:46:02Z,HTTP/3,0,small_page.bin,1,0,0,0,0,0,0,0,0,0,0.000,0.000,0,0
20260426T214559Z,2026-04-26T21:46:02Z,HTTP/3,0,small_page.bin,2,0,0,0,0,0,0,0,0,0,0.000,0.000,0,0
20260426T214559Z,2026-04-26T21:46:02Z,HTTP/3,0,small_page.bin,3,0,0,0,0,0,0,0,0,0,0.000,0.000,0,0
20260426T214559Z,2026-04-26T21:46:02Z,HTTP/3,0,small_page.bin,4,0,0,0,0,0,0,0,0,0,0.000,0.000,0,0
20260426T214559Z,2026-04-26T21:46:02Z,HTTP/3,0,small_page.bin,5,0,0,0,0,0,0,0,0,0,0.000,0.000,0,0
20260426T214559Z,2026-04-26T21:46:02Z,HTTP/3,0,small_page.bin,6,0,0,0,0,0,0,0,0,0,0.000,0.000,0,0
20260426T214559Z,2026-04-26T21:46:02Z,HTTP/3,0,small_page.bin,7,0,0,0,0,0,0,0,0,0,0.000,0.000,0,0
20260426T214559Z,2026-04-26T21:46:02Z,HTTP/3,0,small_page.bin,8,0,0,0,0,0,0,0,0,0,0.000,0.000,0,0
20260426T214559Z,2026-04-26T21:46:02Z,HTTP/3,0,small_page.bin,9,0,0,0,0,0,0,0,0,0,0.000,0.000,0,0
20260426T214559Z,2026-04-26T21:46:02Z,HTTP/3,0,small_page.bin,10,0,0,0,0,0,0,0,0,0,0.000,0.000,0,0
20260426T214559Z,2026-04-26T21:46:02Z,HTTP/3,0,small_page.bin,11,0,0,0,0,0,0,0,0,0,0.000,0.000,0,0
20260426T214559Z,2026-04-26T21:46:02Z,HTTP/3,0,small_page.bin,12,0,0,0,0,0,0,0,0,0,0.000,0.000,0,0
20260426T214559Z,2026-04-26T21:46:02Z,HTTP/3,0,small_page.bin,13,0,0,0,0,0,0,0,0,0,0.000,0.000,0,0
20260426T214559Z,2026-04-26T21:46:02Z,HTTP/3,0,small_page.bin,14,0,0,0,0,0,0,0,0,0,0.000,0.000,0,0
20260426T214559Z,2026-04-26T21:46:02Z,HTTP/3,0,small_page.bin,15,0,0,0,0,0,0,0,0,0,0.000,0.000,0,0
20260426T214559Z,2026-04-26T21:46:02Z,HTTP/3,0,small_page.bin,16,0,0,0,0,0,0,0,0,0,0.000,0.000,0,0
20260426T214559Z,2026-04-26T21:46:02Z,HTTP/3,0,small_page.bin,17,0,0,0,0,0,0,0,0,0,0.000,0.000,0,0
20260426T214559Z,2026-04-26T21:46:02Z,HTTP/3,0,small_page.bin,18,0,0,0,0,0,0,0,0,0,0.000,0.000,0,0
20260426T214559Z,2026-04-26T21:46:02Z,HTTP/3,0,small_page.bin,19,0,0,0,0,0,0,0,0,0,0.000,0.000,0,0
20260426T214559Z,2026-04-26T21:46:02Z,HTTP/3,0,small_page.bin,20,0,0,0,0,0,0,0,0,0,0.000,0.000,0,0
20260426T214559Z,2026-04-26T21:46:02Z,HTTP/3,0,small_page.bin,21,0,0,0,0,0,0,0,0,0,0.000,0.000,0,0
20260426T214559Z,2026-04-26T21:46:02Z,HTTP/3,0,small_page.bin,22,0,0,0,0,0,0,0,0,0,0.000,0.000,0,0
20260426T214559Z,2026-04-26T21:46:02Z,HTTP/3,0,small_page.bin,23,0,0,0,0,0,0,0,0,0,0.000,0.000,0,0
20260426T214559Z,2026-04-26T21:46:02Z,HTTP/3,0,small_page.bin,24,0,0,0,0,0,0,0,0,0,0.000,0.000,0,0
20260426T214559Z,2026-04-26T21:46:02Z,HTTP/3,0,small_page.bin,25,0,0,0,0,0,0,0,0,0,0.000,0.000,0,0
20260426T214559Z,2026-04-26T21:46:02Z,HTTP/3,0,small_page.bin,26,0,0,0,0,0,0,0,0,0,0.000,0.000,0,0
20260426T214559Z,2026-04-26T21:46:02Z,HTTP/3,0,small_page.bin,27,0,0,0,0,0,0,0,0,0,0.000,0.000,0,0
20260426T214559Z,2026-04-26T21:46:02Z,HTTP/3,0,small_page.bin,28,0,0,0,0,0,0,0,0,0,0.000,0.000,0,0
20260426T214559Z,2026-04-26T21:46:02Z,HTTP/3,0,small_page.bin,29,0,0,0,0,0,0,0,0,0,0.000,0.000,0,0
20260426T214559Z,2026-04-26T21:46:02Z,HTTP/3,0,small_page.bin,30,0,0,0,0,0,0,0,0,0,0.000,0.000,0,0
20260426T214559Z,2026-04-26T21:46:02Z,HTTP/3,0,small_page.bin,31,0,0,0,0,0,0,0,0,0,0.000,0.000,0,0
20260426T214559Z,2026-04-26T21:46:02Z,HTTP/3,0,small_page.bin,32,0,0,0,0,0,0,0,0,0,0.000,0.000,0,0
20260426T214559Z,2026-04-26T21:46:02Z,HTTP/3,0,small_page.bin,33,0,0,0,0,0,0,0,0,0,0.000,0.000,0,0
20260426T214559Z,2026-04-26T21:46:02Z,HTTP/3,0,small_page.bin,34,0,0,0,0,0,0,0,0,0,0.000,0.000,0,0
20260426T214559Z,2026-04-26T21:46:02Z,HTTP/3,0,small_page.bin,35,0,0,0,0,0,0,0,0,0,0.000,0.000,0,0
20260426T214559Z,2026-04-26T21:46:02Z,HTTP/3,0,small_page.bin,36,0,0,0,0,0,0,0,0,0,0.000,0.000,0,0
20260426T214559Z,2026-04-26T21:46:02Z,HTTP/3,0,small_page.bin,37,0,0,0,0,0,0,0,0,0,0.000,0.000,0,0
20260426T214559Z,2026-04-26T21:46:02Z,HTTP/3,0,small_page.bin,38,0,0,0,0,0,0,0,0,0,0.000,0.000,0,0
20260426T214559Z,2026-04-26T21:46:02Z,HTTP/3,0,small_page.bin,39,0,0,0,0,0,0,0,0,0,0.000,0.000,0,0
20260426T214559Z,2026-04-26T21:46:02Z,HTTP/3,0,small_page.bin,40,0,0,0,0,0,0,0,0,0,0.000,0.000,0,0
20260426T214559Z,2026-04-26T21:46:02Z,HTTP/2,2,medium_page.bin,1,200,1576960,0.000213,0.000269,0.002665,0.002704,0.003029,0.004430,355972911,347629.796,339.482,1,0
20260426T214559Z,2026-04-26T21:46:03Z,HTTP/2,2,medium_page.bin,2,200,1576960,0.000203,0.000250,0.002454,0.002485,0.002847,0.004607,342296505,334273.931,326.439,1,0
20260426T214559Z,2026-04-26T21:46:03Z,HTTP/2,2,medium_page.bin,3,200,1576960,0.000161,0.000197,0.002380,0.002421,0.002779,0.004209,374663815,365882.632,357.307,1,0
20260426T214559Z,2026-04-26T21:46:03Z,HTTP/2,2,medium_page.bin,4,200,1576960,0.000166,0.000204,0.002630,0.002664,0.003003,0.004752,331851851,324074.073,316.479,1,0
20260426T214559Z,2026-04-26T21:46:03Z,HTTP/2,2,medium_page.bin,5,200,1576960,0.000251,0.000289,0.002492,0.002523,0.002857,0.004546,346889573,338759.349,330.820,1,0
20260426T214559Z,2026-04-26T21:46:03Z,HTTP/2,2,medium_page.bin,6,200,1576960,0.000174,0.000216,0.002364,0.002393,0.002721,0.004219,373775776,365015.406,356.460,1,0
20260426T214559Z,2026-04-26T21:46:03Z,HTTP/2,2,medium_page.bin,7,200,1576960,0.000171,0.000212,0.002403,0.002436,0.002781,0.004063,388126999,379030.272,370.147,1,0
20260426T214559Z,2026-04-26T21:46:03Z,HTTP/2,2,medium_page.bin,8,200,1576960,0.000264,0.000308,0.002526,0.002557,0.002909,0.004454,354054782,345756.623,337.653,1,0
20260426T214559Z,2026-04-26T21:46:03Z,HTTP/2,2,medium_page.bin,9,200,1576960,0.000183,0.000226,0.002427,0.002458,0.002773,0.003948,399432624,390070.922,380.929,1,0
20260426T214559Z,2026-04-26T21:46:03Z,HTTP/2,2,medium_page.bin,10,200,1576960,0.000181,0.000226,0.002428,0.002462,0.002791,0.004228,372980132,364238.410,355.702,1,0
20260426T214559Z,2026-04-26T21:46:03Z,HTTP/2,2,medium_page.bin,11,200,1576960,0.000180,0.000225,0.002401,0.002431,0.002734,0.004624,341038062,333044.982,325.239,1,0
20260426T214559Z,2026-04-26T21:46:03Z,HTTP/2,2,medium_page.bin,12,200,1576960,0.000175,0.000219,0.002398,0.002430,0.002757,0.004295,367161816,358556.461,350.153,1,0
20260426T214559Z,2026-04-26T21:46:03Z,HTTP/2,2,medium_page.bin,13,200,1576960,0.000168,0.000207,0.002374,0.002405,0.002728,0.004561,345748739,337645.253,329.732,1,0
20260426T214559Z,2026-04-26T21:46:03Z,HTTP/2,2,medium_page.bin,14,200,1576960,0.000166,0.000210,0.002383,0.002413,0.002740,0.004491,351137831,342908.038,334.871,1,0
20260426T214559Z,2026-04-26T21:46:03Z,HTTP/2,2,medium_page.bin,15,200,1576960,0.000177,0.000218,0.002864,0.002913,0.003394,0.004848,325280528,317656.766,310.212,1,0
20260426T214559Z,2026-04-26T21:46:03Z,HTTP/2,2,medium_page.bin,16,200,1576960,0.000195,0.000247,0.002550,0.002595,0.003328,0.005239,301004008,293949.227,287.060,1,0
20260426T214559Z,2026-04-26T21:46:03Z,HTTP/2,2,medium_page.bin,17,200,1576960,0.000186,0.000233,0.002628,0.002666,0.003073,0.004413,357344210,348968.955,340.790,1,0
20260426T214559Z,2026-04-26T21:46:03Z,HTTP/2,2,medium_page.bin,18,200,1576960,0.000176,0.000224,0.002508,0.002541,0.002980,0.004511,349581024,341387.719,333.386,1,0
20260426T214559Z,2026-04-26T21:46:03Z,HTTP/2,2,medium_page.bin,19,200,1576960,0.000189,0.000230,0.002449,0.002484,0.002872,0.004427,356214140,347865.371,339.712,1,0
20260426T214559Z,2026-04-26T21:46:03Z,HTTP/2,2,medium_page.bin,20,200,1576960,0.000189,0.000235,0.002464,0.002500,0.002917,0.004698,335666240,327799.062,320.116,1,0
20260426T214559Z,2026-04-26T21:46:03Z,HTTP/2,2,medium_page.bin,21,200,1576960,0.000179,0.000226,0.002901,0.002942,0.003346,0.004835,326155118,318510.857,311.046,1,0
20260426T214559Z,2026-04-26T21:46:03Z,HTTP/2,2,medium_page.bin,22,200,1576960,0.000199,0.000267,0.002545,0.002584,0.002970,0.004758,331433375,323665.405,316.079,1,0
20260426T214559Z,2026-04-26T21:46:03Z,HTTP/2,2,medium_page.bin,23,200,1576960,0.000179,0.000234,0.002513,0.002549,0.002921,0.004729,333465849,325650.243,318.018,1,0
20260426T214559Z,2026-04-26T21:46:03Z,HTTP/2,2,medium_page.bin,24,200,1576960,0.000181,0.000230,0.002515,0.002551,0.002985,0.004435,355571589,347237.880,339.099,1,0
20260426T214559Z,2026-04-26T21:46:03Z,HTTP/2,2,medium_page.bin,25,200,1576960,0.000191,0.000239,0.002479,0.002512,0.002916,0.004428,356133694,347786.811,339.636,1,0
20260426T214559Z,2026-04-26T21:46:03Z,HTTP/2,2,medium_page.bin,26,200,1576960,0.000185,0.000226,0.002480,0.002512,0.002870,0.004176,377624521,368773.946,360.131,1,0
20260426T214559Z,2026-04-26T21:46:03Z,HTTP/2,2,medium_page.bin,27,200,1576960,0.000177,0.000216,0.002438,0.002470,0.002855,0.004098,384812103,375793.069,366.985,1,0
20260426T214559Z,2026-04-26T21:46:03Z,HTTP/2,2,medium_page.bin,28,200,1576960,0.000179,0.000221,0.002453,0.002486,0.002850,0.004665,338040728,330117.898,322.381,1,0
20260426T214559Z,2026-04-26T21:46:03Z,HTTP/2,2,medium_page.bin,29,200,1576960,0.000182,0.000225,0.002423,0.002454,0.002855,0.004146,380356970,371442.354,362.737,1,0
20260426T214559Z,2026-04-26T21:46:03Z,HTTP/2,2,medium_page.bin,30,200,1576960,0.000162,0.000203,0.002402,0.002433,0.002755,0.006258,251991051,246085.011,240.317,1,0
20260426T214559Z,2026-04-26T21:46:03Z,HTTP/2,2,medium_page.bin,31,200,1576960,0.000172,0.000219,0.002430,0.002463,0.002817,0.004091,385470545,376436.079,367.613,1,0
20260426T214559Z,2026-04-26T21:46:03Z,HTTP/2,2,medium_page.bin,32,200,1576960,0.000180,0.000221,0.002421,0.002452,0.002769,0.004013,392962870,383752.803,374.759,1,0
20260426T214559Z,2026-04-26T21:46:03Z,HTTP/2,2,medium_page.bin,33,200,1576960,0.000172,0.000215,0.002440,0.002472,0.002827,0.004257,370439276,361757.105,353.278,1,0
20260426T214559Z,2026-04-26T21:46:03Z,HTTP/2,2,medium_page.bin,34,200,1576960,0.000182,0.000228,0.002620,0.002662,0.003184,0.005081,310364101,303089.942,295.986,1,0
20260426T214559Z,2026-04-26T21:46:03Z,HTTP/2,2,medium_page.bin,35,200,1576960,0.000173,0.000215,0.002455,0.002493,0.002836,0.004148,380173577,371263.259,362.562,1,0
20260426T214559Z,2026-04-26T21:46:03Z,HTTP/2,2,medium_page.bin,36,200,1576960,0.000188,0.000231,0.002437,0.002469,0.002775,0.004529,348191653,340030.911,332.061,1,0
20260426T214559Z,2026-04-26T21:46:03Z,HTTP/2,2,medium_page.bin,37,200,1576960,0.000168,0.000209,0.002408,0.002440,0.002781,0.004332,364025854,355493.998,347.162,1,0
20260426T214559Z,2026-04-26T21:46:03Z,HTTP/2,2,medium_page.bin,38,200,1576960,0.000223,0.000267,0.002457,0.002488,0.002821,0.004027,391596722,382418.674,373.456,1,0
20260426T214559Z,2026-04-26T21:46:03Z,HTTP/2,2,medium_page.bin,39,200,1576960,0.000168,0.000207,0.002378,0.002409,0.002762,0.004522,348730650,340557.275,332.575,1,0
20260426T214559Z,2026-04-26T21:46:03Z,HTTP/2,2,medium_page.bin,40,200,1576960,0.000158,0.000201,0.002409,0.002441,0.002766,0.004300,366734883,358139.534,349.746,1,0
20260426T214559Z,2026-04-26T21:46:03Z,HTTP/3,0,medium_page.bin,1,0,0,0,0,0,0,0,0,0,0.000,0.000,0,0
20260426T214559Z,2026-04-26T21:46:03Z,HTTP/3,0,medium_page.bin,2,0,0,0,0,0,0,0,0,0,0.000,0.000,0,0
20260426T214559Z,2026-04-26T21:46:03Z,HTTP/3,0,medium_page.bin,3,0,0,0,0,0,0,0,0,0,0.000,0.000,0,0
20260426T214559Z,2026-04-26T21:46:03Z,HTTP/3,0,medium_page.bin,4,0,0,0,0,0,0,0,0,0,0.000,0.000,0,0
20260426T214559Z,2026-04-26T21:46:03Z,HTTP/3,0,medium_page.bin,5,0,0,0,0,0,0,0,0,0,0.000,0.000,0,0
20260426T214559Z,2026-04-26T21:46:03Z,HTTP/3,0,medium_page.bin,6,0,0,0,0,0,0,0,0,0,0.000,0.000,0,0
20260426T214559Z,2026-04-26T21:46:03Z,HTTP/3,0,medium_page.bin,7,0,0,0,0,0,0,0,0,0,0.000,0.000,0,0
20260426T214559Z,2026-04-26T21:46:03Z,HTTP/3,0,medium_page.bin,8,0,0,0,0,0,0,0,0,0,0.000,0.000,0,0
20260426T214559Z,2026-04-26T21:46:03Z,HTTP/3,0,medium_page.bin,9,0,0,0,0,0,0,0,0,0,0.000,0.000,0,0
20260426T214559Z,2026-04-26T21:46:03Z,HTTP/3,0,medium_page.bin,10,0,0,0,0,0,0,0,0,0,0.000,0.000,0,0
20260426T214559Z,2026-04-26T21:46:03Z,HTTP/3,0,medium_page.bin,11,0,0,0,0,0,0,0,0,0,0.000,0.000,0,0
20260426T214559Z,2026-04-26T21:46:03Z,HTTP/3,0,medium_page.bin,12,0,0,0,0,0,0,0,0,0,0.000,0.000,0,0
20260426T214559Z,2026-04-26T21:46:03Z,HTTP/3,0,medium_page.bin,13,0,0,0,0,0,0,0,0,0,0.000,0.000,0,0
20260426T214559Z,2026-04-26T21:46:03Z,HTTP/3,0,medium_page.bin,14,0,0,0,0,0,0,0,0,0,0.000,0.000,0,0
20260426T214559Z,2026-04-26T21:46:03Z,HTTP/3,0,medium_page.bin,15,0,0,0,0,0,0,0,0,0,0.000,0.000,0,0
20260426T214559Z,2026-04-26T21:46:03Z,HTTP/3,0,medium_page.bin,16,0,0,0,0,0,0,0,0,0,0.000,0.000,0,0
20260426T214559Z,2026-04-26T21:46:03Z,HTTP/3,0,medium_page.bin,17,0,0,0,0,0,0,0,0,0,0.000,0.000,0,0
20260426T214559Z,2026-04-26T21:46:03Z,HTTP/3,0,medium_page.bin,18,0,0,0,0,0,0,0,0,0,0.000,0.000,0,0
20260426T214559Z,2026-04-26T21:46:03Z,HTTP/3,0,medium_page.bin,19,0,0,0,0,0,0,0,0,0,0.000,0.000,0,0
20260426T214559Z,2026-04-26T21:46:03Z,HTTP/3,0,medium_page.bin,20,0,0,0,0,0,0,0,0,0,0.000,0.000,0,0
20260426T214559Z,2026-04-26T21:46:03Z,HTTP/3,0,medium_page.bin,21,0,0,0,0,0,0,0,0,0,0.000,0.000,0,0
20260426T214559Z,2026-04-26T21:46:03Z,HTTP/3,0,medium_page.bin,22,0,0,0,0,0,0,0,0,0,0.000,0.000,0,0
20260426T214559Z,2026-04-26T21:46:03Z,HTTP/3,0,medium_page.bin,23,0,0,0,0,0,0,0,0,0,0.000,0.000,0,0
20260426T214559Z,2026-04-26T21:46:03Z,HTTP/3,0,medium_page.bin,24,0,0,0,0,0,0,0,0,0,0.000,0.000,0,0
20260426T214559Z,2026-04-26T21:46:03Z,HTTP/3,0,medium_page.bin,25,0,0,0,0,0,0,0,0,0,0.000,0.000,0,0
20260426T214559Z,2026-04-26T21:46:03Z,HTTP/3,0,medium_page.bin,26,0,0,0,0,0,0,0,0,0,0.000,0.000,0,0
20260426T214559Z,2026-04-26T21:46:03Z,HTTP/3,0,medium_page.bin,27,0,0,0,0,0,0,0,0,0,0.000,0.000,0,0
20260426T214559Z,2026-04-26T21:46:03Z,HTTP/3,0,medium_page.bin,28,0,0,0,0,0,0,0,0,0,0.000,0.000,0,0
20260426T214559Z,2026-04-26T21:46:03Z,HTTP/3,0,medium_page.bin,29,0,0,0,0,0,0,0,0,0,0.000,0.000,0,0
20260426T214559Z,2026-04-26T21:46:03Z,HTTP/3,0,medium_page.bin,30,0,0,0,0,0,0,0,0,0,0.000,0.000,0,0
20260426T214559Z,2026-04-26T21:46:03Z,HTTP/3,0,medium_page.bin,31,0,0,0,0,0,0,0,0,0,0.000,0.000,0,0
20260426T214559Z,2026-04-26T21:46:03Z,HTTP/3,0,medium_page.bin,32,0,0,0,0,0,0,0,0,0,0.000,0.000,0,0
20260426T214559Z,2026-04-26T21:46:03Z,HTTP/3,0,medium_page.bin,33,0,0,0,0,0,0,0,0,0,0.000,0.000,0,0
20260426T214559Z,2026-04-26T21:46:03Z,HTTP/3,0,medium_page.bin,34,0,0,0,0,0,0,0,0,0,0.000,0.000,0,0
20260426T214559Z,2026-04-26T21:46:03Z,HTTP/3,0,medium_page.bin,35,0,0,0,0,0,0,0,0,0,0.000,0.000,0,0
20260426T214559Z,2026-04-26T21:46:03Z,HTTP/3,0,medium_page.bin,36,0,0,0,0,0,0,0,0,0,0.000,0.000,0,0
20260426T214559Z,2026-04-26T21:46:03Z,HTTP/3,0,medium_page.bin,37,0,0,0,0,0,0,0,0,0,0.000,0.000,0,0
20260426T214559Z,2026-04-26T21:46:03Z,HTTP/3,0,medium_page.bin,38,0,0,0,0,0,0,0,0,0,0.000,0.000,0,0
20260426T214559Z,2026-04-26T21:46:03Z,HTTP/3,0,medium_page.bin,39,0,0,0,0,0,0,0,0,0,0.000,0.000,0,0
20260426T214559Z,2026-04-26T21:46:03Z,HTTP/3,0,medium_page.bin,40,0,0,0,0,0,0,0,0,0,0.000,0.000,0,0
20260426T214559Z,2026-04-26T21:46:03Z,HTTP/2,2,large_page.bin,1,200,2897920,0.000183,0.000233,0.002503,0.002541,0.002916,0.005462,530560234,518125.229,505.982,1,0
20260426T214559Z,2026-04-26T21:46:03Z,HTTP/2,2,large_page.bin,2,200,2897920,0.000197,0.000253,0.002464,0.002497,0.002835,0.005358,540858529,528182.157,515.803,1,0
20260426T214559Z,2026-04-26T21:46:03Z,HTTP/2,2,large_page.bin,3,200,2897920,0.000215,0.000258,0.002469,0.002501,0.002850,0.005955,486636439,475230.897,464.093,1,0
20260426T214559Z,2026-04-26T21:46:03Z,HTTP/2,2,large_page.bin,4,200,2897920,0.000194,0.000249,0.002468,0.002500,0.002849,0.005168,560743034,547600.619,534.766,1,0
20260426T214559Z,2026-04-26T21:46:03Z,HTTP/2,2,large_page.bin,5,200,2897920,0.000175,0.000215,0.002434,0.002468,0.002842,0.005575,519806278,507623.318,495.726,1,0
20260426T214559Z,2026-04-26T21:46:03Z,HTTP/2,2,large_page.bin,6,200,2897920,0.000168,0.000208,0.002453,0.002486,0.002862,0.005688,509479606,497538.678,485.878,1,0
20260426T214559Z,2026-04-26T21:46:03Z,HTTP/2,2,large_page.bin,7,200,2897920,0.000182,0.000225,0.002453,0.002485,0.002859,0.005226,554519709,541523.153,528.831,1,0
20260426T214559Z,2026-04-26T21:46:03Z,HTTP/2,2,large_page.bin,8,200,2897920,0.000232,0.000273,0.002440,0.002470,0.002920,0.005489,527950446,515576.607,503.493,1,0
20260426T214559Z,2026-04-26T21:46:03Z,HTTP/2,2,large_page.bin,9,200,2897920,0.000165,0.000203,0.002391,0.002421,0.002760,0.005816,498266850,486588.721,475.184,1,0
20260426T214559Z,2026-04-26T21:46:03Z,HTTP/2,2,large_page.bin,10,200,2897920,0.000188,0.000243,0.002429,0.002465,0.002845,0.006079,476709985,465537.095,454.626,1,0
20260426T214559Z,2026-04-26T21:46:03Z,HTTP/2,2,large_page.bin,11,200,2897920,0.000163,0.000203,0.002380,0.002411,0.002775,0.005271,549785619,536900.019,524.316,1,0
20260426T214559Z,2026-04-26T21:46:03Z,HTTP/2,2,large_page.bin,12,200,2897920,0.000161,0.000203,0.002368,0.002398,0.002737,0.005977,484845240,473481.680,462.384,1,0
20260426T214559Z,2026-04-26T21:46:04Z,HTTP/2,2,large_page.bin,13,200,2897920,0.000172,0.000210,0.002428,0.002462,0.002828,0.005593,518133381,505989.630,494.130,1,0
20260426T214559Z,2026-04-26T21:46:04Z,HTTP/2,2,large_page.bin,14,200,2897920,0.000306,0.000348,0.002596,0.002628,0.002986,0.005956,486554734,475151.107,464.015,1,0
20260426T214559Z,2026-04-26T21:46:04Z,HTTP/2,2,large_page.bin,15,200,2897920,0.000180,0.000219,0.002484,0.002517,0.002887,0.006320,458531645,447784.810,437.290,1,0
20260426T214559Z,2026-04-26T21:46:04Z,HTTP/2,2,large_page.bin,16,200,2897920,0.000176,0.000215,0.002374,0.002406,0.002802,0.005435,533195952,520699.172,508.495,1,0
20260426T214559Z,2026-04-26T21:46:04Z,HTTP/2,2,large_page.bin,17,200,2897920,0.000159,0.000201,0.002594,0.002627,0.003027,0.005648,513087818,501062.322,489.319,1,0
20260426T214559Z,2026-04-26T21:46:04Z,HTTP/2,2,large_page.bin,18,200,2897920,0.000223,0.000267,0.002592,0.002625,0.002979,0.006326,458096743,447360.101,436.875,1,0
20260426T214559Z,2026-04-26T21:46:04Z,HTTP/2,2,large_page.bin,19,200,2897920,0.000174,0.000216,0.002766,0.002806,0.003200,0.006455,448941905,438419.829,428.144,1,0
20260426T214559Z,2026-04-26T21:46:04Z,HTTP/2,2,large_page.bin,20,200,2897920,0.000163,0.000211,0.002395,0.002427,0.002771,0.005701,508317838,496404.139,484.770,1,0
20260426T214559Z,2026-04-26T21:46:04Z,HTTP/2,2,large_page.bin,21,200,2897920,0.000186,0.000233,0.002397,0.002431,0.002780,0.005517,525270980,512959.941,500.937,1,0
20260426T214559Z,2026-04-26T21:46:04Z,HTTP/2,2,large_page.bin,22,200,2897920,0.000204,0.000251,0.002519,0.002552,0.002992,0.005554,521771696,509542.672,497.600,1,0
20260426T214559Z,2026-04-26T21:46:04Z,HTTP/2,2,large_page.bin,23,200,2897920,0.000158,0.000197,0.002436,0.002469,0.002847,0.006181,468843229,457854.716,447.124,1,0
20260426T214559Z,2026-04-26T21:46:04Z,HTTP/2,2,large_page.bin,24,200,2897920,0.000183,0.000219,0.002437,0.002469,0.002808,0.005455,531241063,518790.101,506.631,1,0
20260426T214559Z,2026-04-26T21:46:04Z,HTTP/2,2,large_page.bin,25,200,2897920,0.000172,0.000215,0.002353,0.002383,0.002734,0.006002,482825724,471509.496,460.458,1,0
20260426T214559Z,2026-04-26T21:46:04Z,HTTP/2,2,large_page.bin,26,200,2897920,0.000161,0.000203,0.002423,0.002466,0.002812,0.005296,547190332,534365.559,521.841,1,0
20260426T214559Z,2026-04-26T21:46:04Z,HTTP/2,2,large_page.bin,27,200,2897920,0.000180,0.000220,0.002381,0.002412,0.002761,0.005861,494441221,482852.755,471.536,1,0
20260426T214559Z,2026-04-26T21:46:04Z,HTTP/2,2,large_page.bin,28,200,2897920,0.000171,0.000222,0.002395,0.002427,0.002784,0.005911,490258839,478768.397,467.547,1,0
20260426T214559Z,2026-04-26T21:46:04Z,HTTP/2,2,large_page.bin,29,200,2897920,0.000172,0.000220,0.002433,0.002465,0.002838,0.006098,475224663,464086.585,453.210,1,0
20260426T214559Z,2026-04-26T21:46:04Z,HTTP/2,2,large_page.bin,30,200,2897920,0.000176,0.000219,0.002459,0.002494,0.002867,0.005300,546777358,533962.264,521.448,1,0
20260426T214559Z,2026-04-26T21:46:04Z,HTTP/2,2,large_page.bin,31,200,2897920,0.000173,0.000226,0.002414,0.002445,0.002803,0.005435,533195952,520699.172,508.495,1,0
20260426T214559Z,2026-04-26T21:46:04Z,HTTP/2,2,large_page.bin,32,200,2897920,0.000172,0.000210,0.002409,0.002441,0.002837,0.005258,551144922,538227.463,525.613,1,0
20260426T214559Z,2026-04-26T21:46:04Z,HTTP/2,2,large_page.bin,33,200,2897920,0.000162,0.000201,0.002412,0.002444,0.002839,0.005495,527373976,515013.648,502.943,1,0
20260426T214559Z,2026-04-26T21:46:04Z,HTTP/2,2,large_page.bin,34,200,2897920,0.000171,0.000221,0.002377,0.002411,0.002728,0.005559,521302392,509084.367,497.153,1,0
20260426T214559Z,2026-04-26T21:46:04Z,HTTP/2,2,large_page.bin,35,200,2897920,0.000199,0.000242,0.002439,0.002470,0.002810,0.005748,504161447,492345.163,480.806,1,0
20260426T214559Z,2026-04-26T21:46:04Z,HTTP/2,2,large_page.bin,36,200,2897920,0.000191,0.000242,0.002457,0.002492,0.002830,0.006057,478441472,467228.000,456.277,1,0
20260426T214559Z,2026-04-26T21:46:04Z,HTTP/2,2,large_page.bin,37,200,2897920,0.000189,0.000228,0.002427,0.002459,0.002820,0.006079,476709985,465537.095,454.626,1,0
20260426T214559Z,2026-04-26T21:46:04Z,HTTP/2,2,large_page.bin,38,200,2897920,0.000191,0.000231,0.002436,0.002467,0.002908,0.005235,553566380,540592.168,527.922,1,0
20260426T214559Z,2026-04-26T21:46:04Z,HTTP/2,2,large_page.bin,39,200,2897920,0.000155,0.000194,0.002411,0.002442,0.002923,0.005972,485251172,473878.098,462.772,1,0
20260426T214559Z,2026-04-26T21:46:04Z,HTTP/2,2,large_page.bin,40,200,2897920,0.000177,0.000227,0.002418,0.002451,0.002788,0.005364,540253542,527591.350,515.226,1,0
20260426T214559Z,2026-04-26T21:46:04Z,HTTP/3,0,large_page.bin,1,0,0,0,0,0,0,0,0,0,0.000,0.000,0,0
20260426T214559Z,2026-04-26T21:46:04Z,HTTP/3,0,large_page.bin,2,0,0,0,0,0,0,0,0,0,0.000,0.000,0,0
20260426T214559Z,2026-04-26T21:46:04Z,HTTP/3,0,large_page.bin,3,0,0,0,0,0,0,0,0,0,0.000,0.000,0,0
20260426T214559Z,2026-04-26T21:46:04Z,HTTP/3,0,large_page.bin,4,0,0,0,0,0,0,0,0,0,0.000,0.000,0,0
20260426T214559Z,2026-04-26T21:46:04Z,HTTP/3,0,large_page.bin,5,0,0,0,0,0,0,0,0,0,0.000,0.000,0,0
20260426T214559Z,2026-04-26T21:46:04Z,HTTP/3,0,large_page.bin,6,0,0,0,0,0,0,0,0,0,0.000,0.000,0,0
20260426T214559Z,2026-04-26T21:46:04Z,HTTP/3,0,large_page.bin,7,0,0,0,0,0,0,0,0,0,0.000,0.000,0,0
20260426T214559Z,2026-04-26T21:46:04Z,HTTP/3,0,large_page.bin,8,0,0,0,0,0,0,0,0,0,0.000,0.000,0,0
20260426T214559Z,2026-04-26T21:46:04Z,HTTP/3,0,large_page.bin,9,0,0,0,0,0,0,0,0,0,0.000,0.000,0,0
20260426T214559Z,2026-04-26T21:46:04Z,HTTP/3,0,large_page.bin,10,0,0,0,0,0,0,0,0,0,0.000,0.000,0,0
20260426T214559Z,2026-04-26T21:46:04Z,HTTP/3,0,large_page.bin,11,0,0,0,0,0,0,0,0,0,0.000,0.000,0,0
20260426T214559Z,2026-04-26T21:46:04Z,HTTP/3,0,large_page.bin,12,0,0,0,0,0,0,0,0,0,0.000,0.000,0,0
20260426T214559Z,2026-04-26T21:46:04Z,HTTP/3,0,large_page.bin,13,0,0,0,0,0,0,0,0,0,0.000,0.000,0,0
20260426T214559Z,2026-04-26T21:46:04Z,HTTP/3,0,large_page.bin,14,0,0,0,0,0,0,0,0,0,0.000,0.000,0,0
20260426T214559Z,2026-04-26T21:46:04Z,HTTP/3,0,large_page.bin,15,0,0,0,0,0,0,0,0,0,0.000,0.000,0,0
20260426T214559Z,2026-04-26T21:46:04Z,HTTP/3,0,large_page.bin,16,0,0,0,0,0,0,0,0,0,0.000,0.000,0,0
20260426T214559Z,2026-04-26T21:46:04Z,HTTP/3,0,large_page.bin,17,0,0,0,0,0,0,0,0,0,0.000,0.000,0,0
20260426T214559Z,2026-04-26T21:46:04Z,HTTP/3,0,large_page.bin,18,0,0,0,0,0,0,0,0,0,0.000,0.000,0,0
20260426T214559Z,2026-04-26T21:46:04Z,HTTP/3,0,large_page.bin,19,0,0,0,0,0,0,0,0,0,0.000,0.000,0,0
20260426T214559Z,2026-04-26T21:46:04Z,HTTP/3,0,large_page.bin,20,0,0,0,0,0,0,0,0,0,0.000,0.000,0,0
20260426T214559Z,2026-04-26T21:46:04Z,HTTP/3,0,large_page.bin,21,0,0,0,0,0,0,0,0,0,0.000,0.000,0,0
20260426T214559Z,2026-04-26T21:46:04Z,HTTP/3,0,large_page.bin,22,0,0,0,0,0,0,0,0,0,0.000,0.000,0,0
20260426T214559Z,2026-04-26T21:46:04Z,HTTP/3,0,large_page.bin,23,0,0,0,0,0,0,0,0,0,0.000,0.000,0,0
20260426T214559Z,2026-04-26T21:46:04Z,HTTP/3,0,large_page.bin,24,0,0,0,0,0,0,0,0,0,0.000,0.000,0,0
20260426T214559Z,2026-04-26T21:46:04Z,HTTP/3,0,large_page.bin,25,0,0,0,0,0,0,0,0,0,0.000,0.000,0,0
20260426T214559Z,2026-04-26T21:46:04Z,HTTP/3,0,large_page.bin,26,0,0,0,0,0,0,0,0,0,0.000,0.000,0,0
20260426T214559Z,2026-04-26T21:46:04Z,HTTP/3,0,large_page.bin,27,0,0,0,0,0,0,0,0,0,0.000,0.000,0,0
20260426T214559Z,2026-04-26T21:46:04Z,HTTP/3,0,large_page.bin,28,0,0,0,0,0,0,0,0,0,0.000,0.000,0,0
20260426T214559Z,2026-04-26T21:46:04Z,HTTP/3,0,large_page.bin,29,0,0,0,0,0,0,0,0,0,0.000,0.000,0,0
20260426T214559Z,2026-04-26T21:46:04Z,HTTP/3,0,large_page.bin,30,0,0,0,0,0,0,0,0,0,0.000,0.000,0,0
20260426T214559Z,2026-04-26T21:46:04Z,HTTP/3,0,large_page.bin,31,0,0,0,0,0,0,0,0,0,0.000,0.000,0,0
20260426T214559Z,2026-04-26T21:46:04Z,HTTP/3,0,large_page.bin,32,0,0,0,0,0,0,0,0,0,0.000,0.000,0,0
20260426T214559Z,2026-04-26T21:46:04Z,HTTP/3,0,large_page.bin,33,0,0,0,0,0,0,0,0,0,0.000,0.000,0,0
20260426T214559Z,2026-04-26T21:46:04Z,HTTP/3,0,large_page.bin,34,0,0,0,0,0,0,0,0,0,0.000,0.000,0,0
20260426T214559Z,2026-04-26T21:46:04Z,HTTP/3,0,large_page.bin,35,0,0,0,0,0,0,0,0,0,0.000,0.000,0,0
20260426T214559Z,2026-04-26T21:46:04Z,HTTP/3,0,large_page.bin,36,0,0,0,0,0,0,0,0,0,0.000,0.000,0,0
20260426T214559Z,2026-04-26T21:46:04Z,HTTP/3,0,large_page.bin,37,0,0,0,0,0,0,0,0,0,0.000,0.000,0,0
20260426T214559Z,2026-04-26T21:46:04Z,HTTP/3,0,large_page.bin,38,0,0,0,0,0,0,0,0,0,0.000,0.000,0,0
20260426T214559Z,2026-04-26T21:46:04Z,HTTP/3,0,large_page.bin,39,0,0,0,0,0,0,0,0,0,0.000,0.000,0,0
20260426T214559Z,2026-04-26T21:46:04Z,HTTP/3,0,large_page.bin,40,0,0,0,0,0,0,0,0,0,0.000,0.000,0,0
