timestamp,protocol,payload,attempt,http_code,size_bytes,time_namelookup_s,time_connect_s,time_appconnect_s,time_pretransfer_s,time_starttransfer_s,time_total_s,speed_Bps,speed_MBps
2026-04-26T21:14:17Z,HTTP/2,100kb.bin,1,200,102400,0.000208,0.000268,0.003017,0.003059,0.004538,0.005044,20301348,19.360
2026-04-26T21:14:17Z,HTTP/2,100kb.bin,2,200,102400,0.000324,0.000468,0.004314,0.004352,0.004941,0.005320,19248120,18.356
2026-04-26T21:14:17Z,HTTP/2,100kb.bin,3,200,102400,0.000221,0.000283,0.002679,0.002723,0.003148,0.003295,31077389,29.637
2026-04-26T21:14:17Z,HTTP/2,100kb.bin,4,200,102400,0.000352,0.000445,0.003215,0.003259,0.003878,0.004038,25359088,24.184
2026-04-26T21:14:17Z,HTTP/2,100kb.bin,5,200,102400,0.000233,0.000291,0.002700,0.002741,0.003271,0.003428,29871645,28.487
2026-04-26T21:14:17Z,HTTP/2,100kb.bin,6,200,102400,0.000213,0.000266,0.002616,0.002653,0.003105,0.003206,31940112,30.460
2026-04-26T21:14:17Z,HTTP/2,100kb.bin,7,200,102400,0.000182,0.000226,0.002455,0.002498,0.002920,0.003056,33507853,31.955
2026-04-26T21:14:17Z,HTTP/2,100kb.bin,8,200,102400,0.000171,0.000213,0.002448,0.002480,0.002835,0.002951,34700101,33.092
2026-04-26T21:14:17Z,HTTP/2,100kb.bin,9,200,102400,0.000182,0.000231,0.002442,0.002472,0.002805,0.002918,35092529,33.466
2026-04-26T21:14:17Z,HTTP/2,100kb.bin,10,200,102400,0.000176,0.000214,0.002340,0.002372,0.002669,0.002887,35469345,33.826
2026-04-26T21:14:17Z,HTTP/2,100kb.bin,11,200,102400,0.000171,0.000212,0.002369,0.002399,0.002719,0.002819,36324937,34.642
2026-04-26T21:14:17Z,HTTP/2,100kb.bin,12,200,102400,0.000170,0.000208,0.002366,0.002397,0.002695,0.002908,35213204,33.581
2026-04-26T21:14:17Z,HTTP/2,100kb.bin,13,200,102400,0.000162,0.000204,0.002346,0.002376,0.002633,0.002779,36847786,35.140
2026-04-26T21:14:17Z,HTTP/2,100kb.bin,14,200,102400,0.000172,0.000210,0.002450,0.002484,0.002854,0.002972,34454912,32.858
2026-04-26T21:14:17Z,HTTP/2,100kb.bin,15,200,102400,0.000179,0.000227,0.002450,0.002483,0.002855,0.002989,34258949,32.671
2026-04-26T21:14:17Z,HTTP/2,100kb.bin,16,200,102400,0.000175,0.000212,0.002379,0.002410,0.002723,0.002865,35741710,34.085
2026-04-26T21:14:17Z,HTTP/2,100kb.bin,17,200,102400,0.000194,0.000238,0.002416,0.002449,0.003192,0.003292,31105710,29.664
2026-04-26T21:14:17Z,HTTP/2,100kb.bin,18,200,102400,0.000171,0.000217,0.002449,0.002482,0.002778,0.002992,34224598,32.639
2026-04-26T21:14:17Z,HTTP/2,100kb.bin,19,200,102400,0.000181,0.000220,0.002400,0.002433,0.002767,0.002893,35395782,33.756
2026-04-26T21:14:17Z,HTTP/2,100kb.bin,20,200,102400,0.000167,0.000209,0.002437,0.002473,0.002803,0.002917,35104559,33.478
2026-04-26T21:14:17Z,HTTP/2,100kb.bin,21,200,102400,0.000198,0.000251,0.002576,0.002612,0.002964,0.003096,33074935,31.542
2026-04-26T21:14:17Z,HTTP/2,100kb.bin,22,200,102400,0.000192,0.000233,0.002445,0.002475,0.002792,0.002953,34676600,33.070
2026-04-26T21:14:17Z,HTTP/2,100kb.bin,23,200,102400,0.000157,0.000194,0.002446,0.002478,0.002802,0.002923,35032500,33.409
2026-04-26T21:14:17Z,HTTP/2,100kb.bin,24,200,102400,0.000227,0.000267,0.002469,0.002501,0.002810,0.002931,34936881,33.318
2026-04-26T21:14:17Z,HTTP/2,100kb.bin,25,200,102400,0.000160,0.000243,0.002435,0.002467,0.002759,0.002876,35605006,33.955
2026-04-26T21:14:18Z,HTTP/2,100kb.bin,26,200,102400,0.000170,0.000210,0.002362,0.002392,0.002678,0.002897,35346910,33.709
2026-04-26T21:14:18Z,HTTP/2,100kb.bin,27,200,102400,0.000167,0.000201,0.002365,0.002397,0.002699,0.002885,35493934,33.849
2026-04-26T21:14:18Z,HTTP/2,100kb.bin,28,200,102400,0.000164,0.000201,0.002432,0.002463,0.002773,0.002903,35273854,33.639
2026-04-26T21:14:18Z,HTTP/2,100kb.bin,29,200,102400,0.000172,0.000212,0.002393,0.002426,0.002838,0.002940,34829931,33.216
2026-04-26T21:14:18Z,HTTP/2,100kb.bin,30,200,102400,0.000166,0.000205,0.002421,0.002454,0.002778,0.002907,35225318,33.593
2026-04-26T21:14:18Z,HTTP/2,100kb.bin,31,200,102400,0.000174,0.000214,0.002437,0.002470,0.002767,0.002888,35457063,33.814
2026-04-26T21:14:18Z,HTTP/2,100kb.bin,32,200,102400,0.000158,0.000197,0.002386,0.002418,0.002733,0.002880,35555555,33.908
2026-04-26T21:14:18Z,HTTP/2,100kb.bin,33,200,102400,0.000152,0.000189,0.002354,0.002383,0.002634,0.002721,37633223,35.889
2026-04-26T21:14:18Z,HTTP/2,100kb.bin,34,200,102400,0.000158,0.000194,0.002371,0.002405,0.002688,0.002844,36005625,34.337
2026-04-26T21:14:18Z,HTTP/2,100kb.bin,35,200,102400,0.000163,0.000208,0.002371,0.002403,0.002716,0.002836,36107193,34.434
2026-04-26T21:14:18Z,HTTP/2,100kb.bin,36,200,102400,0.000173,0.000213,0.002709,0.002765,0.003141,0.003293,31096264,29.655
2026-04-26T21:14:18Z,HTTP/2,100kb.bin,37,200,102400,0.000170,0.000210,0.002367,0.002399,0.002733,0.002867,35716777,34.062
2026-04-26T21:14:18Z,HTTP/2,100kb.bin,38,200,102400,0.000159,0.000196,0.002371,0.002402,0.002719,0.002809,36454254,34.765
2026-04-26T21:14:18Z,HTTP/2,100kb.bin,39,200,102400,0.000159,0.000199,0.002374,0.002406,0.002717,0.002805,36506238,34.815
2026-04-26T21:14:18Z,HTTP/2,100kb.bin,40,200,102400,0.000234,0.000271,0.002413,0.002443,0.002740,0.002847,35967685,34.301
2026-04-26T21:14:18Z,HTTP/3,100kb.bin,1,0,0,0,0,0,0,0,0,0,0
2026-04-26T21:14:18Z,HTTP/3,100kb.bin,2,0,0,0,0,0,0,0,0,0,0
2026-04-26T21:14:18Z,HTTP/3,100kb.bin,3,0,0,0,0,0,0,0,0,0,0
2026-04-26T21:14:18Z,HTTP/3,100kb.bin,4,0,0,0,0,0,0,0,0,0,0
2026-04-26T21:14:18Z,HTTP/3,100kb.bin,5,0,0,0,0,0,0,0,0,0,0
2026-04-26T21:14:18Z,HTTP/3,100kb.bin,6,0,0,0,0,0,0,0,0,0,0
2026-04-26T21:14:18Z,HTTP/3,100kb.bin,7,0,0,0,0,0,0,0,0,0,0
2026-04-26T21:14:18Z,HTTP/3,100kb.bin,8,0,0,0,0,0,0,0,0,0,0
2026-04-26T21:14:18Z,HTTP/3,100kb.bin,9,0,0,0,0,0,0,0,0,0,0
2026-04-26T21:14:18Z,HTTP/3,100kb.bin,10,0,0,0,0,0,0,0,0,0,0
2026-04-26T21:14:18Z,HTTP/3,100kb.bin,11,0,0,0,0,0,0,0,0,0,0
2026-04-26T21:14:18Z,HTTP/3,100kb.bin,12,0,0,0,0,0,0,0,0,0,0
2026-04-26T21:14:18Z,HTTP/3,100kb.bin,13,0,0,0,0,0,0,0,0,0,0
2026-04-26T21:14:18Z,HTTP/3,100kb.bin,14,0,0,0,0,0,0,0,0,0,0
2026-04-26T21:14:18Z,HTTP/3,100kb.bin,15,0,0,0,0,0,0,0,0,0,0
2026-04-26T21:14:18Z,HTTP/3,100kb.bin,16,0,0,0,0,0,0,0,0,0,0
2026-04-26T21:14:18Z,HTTP/3,100kb.bin,17,0,0,0,0,0,0,0,0,0,0
2026-04-26T21:14:18Z,HTTP/3,100kb.bin,18,0,0,0,0,0,0,0,0,0,0
2026-04-26T21:14:18Z,HTTP/3,100kb.bin,19,0,0,0,0,0,0,0,0,0,0
2026-04-26T21:14:18Z,HTTP/3,100kb.bin,20,0,0,0,0,0,0,0,0,0,0
2026-04-26T21:14:18Z,HTTP/3,100kb.bin,21,0,0,0,0,0,0,0,0,0,0
2026-04-26T21:14:18Z,HTTP/3,100kb.bin,22,0,0,0,0,0,0,0,0,0,0
2026-04-26T21:14:18Z,HTTP/3,100kb.bin,23,0,0,0,0,0,0,0,0,0,0
2026-04-26T21:14:18Z,HTTP/3,100kb.bin,24,0,0,0,0,0,0,0,0,0,0
2026-04-26T21:14:18Z,HTTP/3,100kb.bin,25,0,0,0,0,0,0,0,0,0,0
2026-04-26T21:14:18Z,HTTP/3,100kb.bin,26,0,0,0,0,0,0,0,0,0,0
2026-04-26T21:14:18Z,HTTP/3,100kb.bin,27,0,0,0,0,0,0,0,0,0,0
2026-04-26T21:14:18Z,HTTP/3,100kb.bin,28,0,0,0,0,0,0,0,0,0,0
2026-04-26T21:14:18Z,HTTP/3,100kb.bin,29,0,0,0,0,0,0,0,0,0,0
2026-04-26T21:14:18Z,HTTP/3,100kb.bin,30,0,0,0,0,0,0,0,0,0,0
2026-04-26T21:14:18Z,HTTP/3,100kb.bin,31,0,0,0,0,0,0,0,0,0,0
2026-04-26T21:14:18Z,HTTP/3,100kb.bin,32,0,0,0,0,0,0,0,0,0,0
2026-04-26T21:14:18Z,HTTP/3,100kb.bin,33,0,0,0,0,0,0,0,0,0,0
2026-04-26T21:14:18Z,HTTP/3,100kb.bin,34,0,0,0,0,0,0,0,0,0,0
2026-04-26T21:14:18Z,HTTP/3,100kb.bin,35,0,0,0,0,0,0,0,0,0,0
2026-04-26T21:14:18Z,HTTP/3,100kb.bin,36,0,0,0,0,0,0,0,0,0,0
2026-04-26T21:14:18Z,HTTP/3,100kb.bin,37,0,0,0,0,0,0,0,0,0,0
2026-04-26T21:14:18Z,HTTP/3,100kb.bin,38,0,0,0,0,0,0,0,0,0,0
2026-04-26T21:14:18Z,HTTP/3,100kb.bin,39,0,0,0,0,0,0,0,0,0,0
2026-04-26T21:14:18Z,HTTP/3,100kb.bin,40,0,0,0,0,0,0,0,0,0,0
2026-04-26T21:14:18Z,HTTP/2,1mb.bin,1,200,1048576,0.000198,0.000255,0.002470,0.002506,0.002933,0.003991,262735154,250.563
2026-04-26T21:14:18Z,HTTP/2,1mb.bin,2,200,1048576,0.000189,0.000238,0.002693,0.002730,0.003161,0.004433,236538687,225.580
2026-04-26T21:14:18Z,HTTP/2,1mb.bin,3,200,1048576,0.000194,0.000248,0.002470,0.002506,0.002861,0.004105,255438733,243.605
2026-04-26T21:14:18Z,HTTP/2,1mb.bin,4,200,1048576,0.000201,0.000249,0.002509,0.002544,0.002914,0.003810,275216797,262.467
2026-04-26T21:14:18Z,HTTP/2,1mb.bin,5,200,1048576,0.000262,0.000313,0.002522,0.002557,0.002913,0.003843,272853499,260.213
2026-04-26T21:14:18Z,HTTP/2,1mb.bin,6,200,1048576,0.000182,0.000223,0.002396,0.002428,0.002760,0.003897,269072619,256.607
2026-04-26T21:14:18Z,HTTP/2,1mb.bin,7,200,1048576,0.000179,0.000224,0.002408,0.002442,0.002766,0.003774,277842077,264.970
2026-04-26T21:14:18Z,HTTP/2,1mb.bin,8,200,1048576,0.000179,0.000223,0.002416,0.002448,0.002767,0.003718,282026896,268.961
2026-04-26T21:14:18Z,HTTP/2,1mb.bin,9,200,1048576,0.000159,0.000196,0.002341,0.002377,0.002724,0.003670,285715531,272.479
2026-04-26T21:14:18Z,HTTP/2,1mb.bin,10,200,1048576,0.000187,0.000230,0.002398,0.002430,0.002770,0.003742,280218065,267.236
2026-04-26T21:14:18Z,HTTP/2,1mb.bin,11,200,1048576,0.000164,0.000201,0.002349,0.002384,0.002697,0.003671,285637700,272.405
2026-04-26T21:14:18Z,HTTP/2,1mb.bin,12,200,1048576,0.000176,0.000216,0.002885,0.002917,0.003272,0.004399,238366901,227.324
2026-04-26T21:14:18Z,HTTP/2,1mb.bin,13,200,1048576,0.000176,0.000216,0.002417,0.002449,0.002783,0.003634,288545954,275.178
2026-04-26T21:14:18Z,HTTP/2,1mb.bin,14,200,1048576,0.000170,0.000210,0.002398,0.002431,0.002745,0.003643,287833104,274.499
2026-04-26T21:14:18Z,HTTP/2,1mb.bin,15,200,1048576,0.000164,0.000211,0.002337,0.002372,0.002653,0.003591,292001113,278.473
2026-04-26T21:14:18Z,HTTP/2,1mb.bin,16,200,1048576,0.000169,0.000209,0.002359,0.002390,0.002733,0.003660,286496174,273.224
2026-04-26T21:14:18Z,HTTP/2,1mb.bin,17,200,1048576,0.000185,0.000233,0.002454,0.002488,0.002810,0.003844,272782518,260.145
2026-04-26T21:14:18Z,HTTP/2,1mb.bin,18,200,1048576,0.000170,0.000224,0.002434,0.002465,0.002846,0.003924,267221202,254.841
2026-04-26T21:14:18Z,HTTP/2,1mb.bin,19,200,1048576,0.000164,0.000203,0.002367,0.002399,0.002705,0.003876,270530443,257.997
2026-04-26T21:14:18Z,HTTP/2,1mb.bin,20,200,1048576,0.000162,0.000202,0.002363,0.002394,0.002753,0.003958,264925720,252.652
2026-04-26T21:14:18Z,HTTP/2,1mb.bin,21,200,1048576,0.000189,0.000230,0.002395,0.002428,0.002746,0.003623,289422025,276.014
2026-04-26T21:14:18Z,HTTP/2,1mb.bin,22,200,1048576,0.000162,0.000203,0.002351,0.002384,0.002704,0.003574,293390039,279.798
2026-04-26T21:14:18Z,HTTP/2,1mb.bin,23,200,1048576,0.000171,0.000212,0.002389,0.002422,0.002802,0.003942,266001014,253.678
2026-04-26T21:14:18Z,HTTP/2,1mb.bin,24,200,1048576,0.000169,0.000211,0.002364,0.002397,0.002755,0.003685,284552510,271.370
2026-04-26T21:14:18Z,HTTP/2,1mb.bin,25,200,1048576,0.000184,0.000226,0.002433,0.002467,0.002846,0.003830,273779634,261.096
2026-04-26T21:14:18Z,HTTP/2,1mb.bin,26,200,1048576,0.000172,0.000214,0.002422,0.002453,0.002781,0.003612,290303433,276.854
2026-04-26T21:14:18Z,HTTP/2,1mb.bin,27,200,1048576,0.000183,0.000228,0.002451,0.002487,0.002822,0.003946,265731373,253.421
2026-04-26T21:14:18Z,HTTP/2,1mb.bin,28,200,1048576,0.000192,0.000243,0.002478,0.002515,0.002879,0.004025,260515776,248.447
2026-04-26T21:14:18Z,HTTP/2,1mb.bin,29,200,1048576,0.000209,0.000259,0.002552,0.002589,0.002957,0.003897,269072619,256.607
2026-04-26T21:14:18Z,HTTP/2,1mb.bin,30,200,1048576,0.000221,0.000276,0.002844,0.002879,0.003285,0.004196,249898951,238.322
2026-04-26T21:14:18Z,HTTP/2,1mb.bin,31,200,1048576,0.000182,0.000223,0.002403,0.002443,0.002780,0.003688,284321041,271.149
2026-04-26T21:14:18Z,HTTP/2,1mb.bin,32,200,1048576,0.000169,0.000209,0.002366,0.002398,0.002718,0.004072,257508840,245.579
2026-04-26T21:14:18Z,HTTP/2,1mb.bin,33,200,1048576,0.000165,0.000204,0.002381,0.002414,0.002741,0.003695,283782408,270.635
2026-04-26T21:14:18Z,HTTP/2,1mb.bin,34,200,1048576,0.000177,0.000221,0.002376,0.002411,0.002697,0.003571,293636516,280.033
2026-04-26T21:14:18Z,HTTP/2,1mb.bin,35,200,1048576,0.000166,0.000207,0.002385,0.002418,0.002761,0.003674,285404463,272.182
2026-04-26T21:14:18Z,HTTP/2,1mb.bin,36,200,1048576,0.000163,0.000203,0.002360,0.002391,0.002710,0.003637,288307946,274.951
2026-04-26T21:14:18Z,HTTP/2,1mb.bin,37,200,1048576,0.000177,0.000218,0.002706,0.002740,0.003055,0.003962,264658253,252.397
2026-04-26T21:14:18Z,HTTP/2,1mb.bin,38,200,1048576,0.000177,0.000220,0.002409,0.002440,0.002789,0.003843,272853499,260.213
2026-04-26T21:14:18Z,HTTP/2,1mb.bin,39,200,1048576,0.000164,0.000204,0.002386,0.002419,0.002731,0.003713,282406679,269.323
2026-04-26T21:14:18Z,HTTP/2,1mb.bin,40,200,1048576,0.000165,0.000204,0.002363,0.002394,0.002737,0.003716,282178686,269.106
2026-04-26T21:14:18Z,HTTP/3,1mb.bin,1,0,0,0,0,0,0,0,0,0,0
2026-04-26T21:14:18Z,HTTP/3,1mb.bin,2,0,0,0,0,0,0,0,0,0,0
2026-04-26T21:14:18Z,HTTP/3,1mb.bin,3,0,0,0,0,0,0,0,0,0,0
2026-04-26T21:14:18Z,HTTP/3,1mb.bin,4,0,0,0,0,0,0,0,0,0,0
2026-04-26T21:14:18Z,HTTP/3,1mb.bin,5,0,0,0,0,0,0,0,0,0,0
2026-04-26T21:14:18Z,HTTP/3,1mb.bin,6,0,0,0,0,0,0,0,0,0,0
2026-04-26T21:14:18Z,HTTP/3,1mb.bin,7,0,0,0,0,0,0,0,0,0,0
2026-04-26T21:14:18Z,HTTP/3,1mb.bin,8,0,0,0,0,0,0,0,0,0,0
2026-04-26T21:14:18Z,HTTP/3,1mb.bin,9,0,0,0,0,0,0,0,0,0,0
2026-04-26T21:14:18Z,HTTP/3,1mb.bin,10,0,0,0,0,0,0,0,0,0,0
2026-04-26T21:14:19Z,HTTP/3,1mb.bin,11,0,0,0,0,0,0,0,0,0,0
2026-04-26T21:14:19Z,HTTP/3,1mb.bin,12,0,0,0,0,0,0,0,0,0,0
2026-04-26T21:14:19Z,HTTP/3,1mb.bin,13,0,0,0,0,0,0,0,0,0,0
2026-04-26T21:14:19Z,HTTP/3,1mb.bin,14,0,0,0,0,0,0,0,0,0,0
2026-04-26T21:14:19Z,HTTP/3,1mb.bin,15,0,0,0,0,0,0,0,0,0,0
2026-04-26T21:14:19Z,HTTP/3,1mb.bin,16,0,0,0,0,0,0,0,0,0,0
2026-04-26T21:14:19Z,HTTP/3,1mb.bin,17,0,0,0,0,0,0,0,0,0,0
2026-04-26T21:14:19Z,HTTP/3,1mb.bin,18,0,0,0,0,0,0,0,0,0,0
2026-04-26T21:14:19Z,HTTP/3,1mb.bin,19,0,0,0,0,0,0,0,0,0,0
2026-04-26T21:14:19Z,HTTP/3,1mb.bin,20,0,0,0,0,0,0,0,0,0,0
2026-04-26T21:14:19Z,HTTP/3,1mb.bin,21,0,0,0,0,0,0,0,0,0,0
2026-04-26T21:14:19Z,HTTP/3,1mb.bin,22,0,0,0,0,0,0,0,0,0,0
2026-04-26T21:14:19Z,HTTP/3,1mb.bin,23,0,0,0,0,0,0,0,0,0,0
2026-04-26T21:14:19Z,HTTP/3,1mb.bin,24,0,0,0,0,0,0,0,0,0,0
2026-04-26T21:14:19Z,HTTP/3,1mb.bin,25,0,0,0,0,0,0,0,0,0,0
2026-04-26T21:14:19Z,HTTP/3,1mb.bin,26,0,0,0,0,0,0,0,0,0,0
2026-04-26T21:14:19Z,HTTP/3,1mb.bin,27,0,0,0,0,0,0,0,0,0,0
2026-04-26T21:14:19Z,HTTP/3,1mb.bin,28,0,0,0,0,0,0,0,0,0,0
2026-04-26T21:14:19Z,HTTP/3,1mb.bin,29,0,0,0,0,0,0,0,0,0,0
2026-04-26T21:14:19Z,HTTP/3,1mb.bin,30,0,0,0,0,0,0,0,0,0,0
2026-04-26T21:14:19Z,HTTP/3,1mb.bin,31,0,0,0,0,0,0,0,0,0,0
2026-04-26T21:14:19Z,HTTP/3,1mb.bin,32,0,0,0,0,0,0,0,0,0,0
2026-04-26T21:14:19Z,HTTP/3,1mb.bin,33,0,0,0,0,0,0,0,0,0,0
2026-04-26T21:14:19Z,HTTP/3,1mb.bin,34,0,0,0,0,0,0,0,0,0,0
2026-04-26T21:14:19Z,HTTP/3,1mb.bin,35,0,0,0,0,0,0,0,0,0,0
2026-04-26T21:14:19Z,HTTP/3,1mb.bin,36,0,0,0,0,0,0,0,0,0,0
2026-04-26T21:14:19Z,HTTP/3,1mb.bin,37,0,0,0,0,0,0,0,0,0,0
2026-04-26T21:14:19Z,HTTP/3,1mb.bin,38,0,0,0,0,0,0,0,0,0,0
2026-04-26T21:14:19Z,HTTP/3,1mb.bin,39,0,0,0,0,0,0,0,0,0,0
2026-04-26T21:14:19Z,HTTP/3,1mb.bin,40,0,0,0,0,0,0,0,0,0,0
2026-04-26T21:14:19Z,HTTP/2,5mb.bin,1,200,5242880,0.000205,0.000261,0.002468,0.002502,0.002883,0.007642,686061240,654.278
2026-04-26T21:14:19Z,HTTP/2,5mb.bin,2,200,5242880,0.000184,0.000226,0.002392,0.002425,0.002913,0.008751,599117815,571.363
2026-04-26T21:14:19Z,HTTP/2,5mb.bin,3,200,5242880,0.000204,0.000251,0.002442,0.002474,0.002968,0.007296,718596491,685.307
2026-04-26T21:14:19Z,HTTP/2,5mb.bin,4,200,5242880,0.000178,0.000225,0.002618,0.002650,0.003171,0.008587,610560149,582.275
2026-04-26T21:14:19Z,HTTP/2,5mb.bin,5,200,5242880,0.000175,0.000218,0.002372,0.002406,0.002814,0.008648,606253469,578.168
2026-04-26T21:14:19Z,HTTP/2,5mb.bin,6,200,5242880,0.000181,0.000242,0.002464,0.002504,0.003041,0.007346,713705417,680.642
2026-04-26T21:14:19Z,HTTP/2,5mb.bin,7,200,5242880,0.000186,0.000241,0.002410,0.002451,0.002909,0.007793,672767868,641.601
2026-04-26T21:14:19Z,HTTP/2,5mb.bin,8,200,5242880,0.000192,0.000231,0.002371,0.002402,0.002874,0.006908,758957730,723.798
2026-04-26T21:14:19Z,HTTP/2,5mb.bin,9,200,5242880,0.000166,0.000208,0.002346,0.002383,0.002814,0.008120,645674876,615.763
2026-04-26T21:14:19Z,HTTP/2,5mb.bin,10,200,5242880,0.000166,0.000207,0.002352,0.002383,0.002752,0.008917,587964562,560.726
2026-04-26T21:14:19Z,HTTP/2,5mb.bin,11,200,5242880,0.000172,0.000213,0.002344,0.002376,0.002763,0.008859,591813974,564.397
2026-04-26T21:14:19Z,HTTP/2,5mb.bin,12,200,5242880,0.000170,0.000215,0.002455,0.002487,0.002914,0.007272,720968096,687.568
2026-04-26T21:14:19Z,HTTP/2,5mb.bin,13,200,5242880,0.000172,0.000214,0.002403,0.002436,0.002869,0.007909,662900493,632.191
2026-04-26T21:14:19Z,HTTP/2,5mb.bin,14,200,5242880,0.000177,0.000219,0.002421,0.002453,0.002890,0.007132,735120583,701.065
2026-04-26T21:14:19Z,HTTP/2,5mb.bin,15,200,5242880,0.000181,0.000222,0.002372,0.002403,0.002840,0.007415,707064059,674.308
2026-04-26T21:14:19Z,HTTP/2,5mb.bin,16,200,5242880,0.000169,0.000234,0.002436,0.002469,0.002905,0.008216,638130477,608.568
2026-04-26T21:14:19Z,HTTP/2,5mb.bin,17,200,5242880,0.000287,0.000329,0.002486,0.002520,0.002971,0.008538,614064183,585.617
2026-04-26T21:14:19Z,HTTP/2,5mb.bin,18,200,5242880,0.000175,0.000218,0.002388,0.002421,0.003074,0.007601,689761873,657.808
2026-04-26T21:14:19Z,HTTP/2,5mb.bin,19,200,5242880,0.000176,0.000218,0.002388,0.002422,0.002817,0.007107,737706486,703.531
2026-04-26T21:14:19Z,HTTP/2,5mb.bin,20,200,5242880,0.000197,0.000242,0.002424,0.002457,0.002852,0.007700,680893506,649.350
2026-04-26T21:14:19Z,HTTP/2,5mb.bin,21,200,5242880,0.000183,0.000225,0.002452,0.002488,0.002927,0.007083,740206127,705.915
2026-04-26T21:14:19Z,HTTP/2,5mb.bin,22,200,5242880,0.000183,0.000229,0.002440,0.002475,0.002879,0.007382,710224871,677.323
2026-04-26T21:14:19Z,HTTP/2,5mb.bin,23,200,5242880,0.000199,0.000249,0.002441,0.002475,0.002919,0.008373,626165054,597.157
2026-04-26T21:14:19Z,HTTP/2,5mb.bin,24,200,5242880,0.000192,0.000239,0.002572,0.002608,0.003043,0.007430,705636608,672.947
2026-04-26T21:14:19Z,HTTP/2,5mb.bin,25,200,5242880,0.000181,0.000223,0.002420,0.002455,0.002899,0.007373,711091821,678.150
2026-04-26T21:14:19Z,HTTP/2,5mb.bin,26,200,5242880,0.000180,0.000222,0.002509,0.002544,0.002978,0.009345,561035848,535.045
2026-04-26T21:14:19Z,HTTP/2,5mb.bin,27,200,5242880,0.000194,0.000236,0.002411,0.002446,0.002903,0.008312,630760346,601.539
2026-04-26T21:14:19Z,HTTP/2,5mb.bin,28,200,5242880,0.000207,0.000250,0.002420,0.002453,0.002891,0.007320,716240437,683.060
2026-04-26T21:14:19Z,HTTP/2,5mb.bin,29,200,5242880,0.000175,0.000216,0.002430,0.002463,0.002928,0.008035,652505289,622.277
2026-04-26T21:14:19Z,HTTP/2,5mb.bin,30,200,5242880,0.000178,0.000226,0.002376,0.002414,0.002903,0.008454,620165602,591.436
2026-04-26T21:14:19Z,HTTP/2,5mb.bin,31,200,5242880,0.000193,0.000238,0.002459,0.002492,0.002907,0.007416,706968716,674.217
2026-04-26T21:14:19Z,HTTP/2,5mb.bin,32,200,5242880,0.000183,0.000226,0.002418,0.002450,0.002817,0.007609,689036667,657.116
2026-04-26T21:14:19Z,HTTP/2,5mb.bin,33,200,5242880,0.000185,0.000241,0.002457,0.002489,0.002901,0.007572,692403592,660.327
2026-04-26T21:14:19Z,HTTP/2,5mb.bin,34,200,5242880,0.000212,0.000252,0.002416,0.002449,0.002926,0.007407,707827730,675.037
2026-04-26T21:14:19Z,HTTP/2,5mb.bin,35,200,5242880,0.000165,0.000204,0.002369,0.002401,0.002772,0.008501,616736854,588.166
2026-04-26T21:14:19Z,HTTP/2,5mb.bin,36,200,5242880,0.000188,0.000228,0.002375,0.002407,0.002832,0.007379,710513619,677.598
2026-04-26T21:14:19Z,HTTP/2,5mb.bin,37,200,5242880,0.000204,0.000251,0.002422,0.002454,0.002835,0.007887,664749587,633.954
2026-04-26T21:14:19Z,HTTP/2,5mb.bin,38,200,5242880,0.000181,0.000235,0.002417,0.002448,0.002958,0.008382,625492722,596.516
2026-04-26T21:14:19Z,HTTP/2,5mb.bin,39,200,5242880,0.000180,0.000224,0.002947,0.002981,0.003376,0.008989,583255089,556.235
2026-04-26T21:14:19Z,HTTP/2,5mb.bin,40,200,5242880,0.000176,0.000215,0.002429,0.002462,0.002898,0.007201,728076656,694.348
2026-04-26T21:14:19Z,HTTP/3,5mb.bin,1,0,0,0,0,0,0,0,0,0,0
2026-04-26T21:14:19Z,HTTP/3,5mb.bin,2,0,0,0,0,0,0,0,0,0,0
2026-04-26T21:14:19Z,HTTP/3,5mb.bin,3,0,0,0,0,0,0,0,0,0,0
2026-04-26T21:14:19Z,HTTP/3,5mb.bin,4,0,0,0,0,0,0,0,0,0,0
2026-04-26T21:14:19Z,HTTP/3,5mb.bin,5,0,0,0,0,0,0,0,0,0,0
2026-04-26T21:14:19Z,HTTP/3,5mb.bin,6,0,0,0,0,0,0,0,0,0,0
2026-04-26T21:14:19Z,HTTP/3,5mb.bin,7,0,0,0,0,0,0,0,0,0,0
2026-04-26T21:14:19Z,HTTP/3,5mb.bin,8,0,0,0,0,0,0,0,0,0,0
2026-04-26T21:14:19Z,HTTP/3,5mb.bin,9,0,0,0,0,0,0,0,0,0,0
2026-04-26T21:14:19Z,HTTP/3,5mb.bin,10,0,0,0,0,0,0,0,0,0,0
2026-04-26T21:14:19Z,HTTP/3,5mb.bin,11,0,0,0,0,0,0,0,0,0,0
2026-04-26T21:14:19Z,HTTP/3,5mb.bin,12,0,0,0,0,0,0,0,0,0,0
2026-04-26T21:14:19Z,HTTP/3,5mb.bin,13,0,0,0,0,0,0,0,0,0,0
2026-04-26T21:14:19Z,HTTP/3,5mb.bin,14,0,0,0,0,0,0,0,0,0,0
2026-04-26T21:14:19Z,HTTP/3,5mb.bin,15,0,0,0,0,0,0,0,0,0,0
2026-04-26T21:14:19Z,HTTP/3,5mb.bin,16,0,0,0,0,0,0,0,0,0,0
2026-04-26T21:14:19Z,HTTP/3,5mb.bin,17,0,0,0,0,0,0,0,0,0,0
2026-04-26T21:14:19Z,HTTP/3,5mb.bin,18,0,0,0,0,0,0,0,0,0,0
2026-04-26T21:14:19Z,HTTP/3,5mb.bin,19,0,0,0,0,0,0,0,0,0,0
2026-04-26T21:14:19Z,HTTP/3,5mb.bin,20,0,0,0,0,0,0,0,0,0,0
2026-04-26T21:14:19Z,HTTP/3,5mb.bin,21,0,0,0,0,0,0,0,0,0,0
2026-04-26T21:14:20Z,HTTP/3,5mb.bin,22,0,0,0,0,0,0,0,0,0,0
2026-04-26T21:14:20Z,HTTP/3,5mb.bin,23,0,0,0,0,0,0,0,0,0,0
2026-04-26T21:14:20Z,HTTP/3,5mb.bin,24,0,0,0,0,0,0,0,0,0,0
2026-04-26T21:14:20Z,HTTP/3,5mb.bin,25,0,0,0,0,0,0,0,0,0,0
2026-04-26T21:14:20Z,HTTP/3,5mb.bin,26,0,0,0,0,0,0,0,0,0,0
2026-04-26T21:14:20Z,HTTP/3,5mb.bin,27,0,0,0,0,0,0,0,0,0,0
2026-04-26T21:14:20Z,HTTP/3,5mb.bin,28,0,0,0,0,0,0,0,0,0,0
2026-04-26T21:14:20Z,HTTP/3,5mb.bin,29,0,0,0,0,0,0,0,0,0,0
2026-04-26T21:14:20Z,HTTP/3,5mb.bin,30,0,0,0,0,0,0,0,0,0,0
2026-04-26T21:14:20Z,HTTP/3,5mb.bin,31,0,0,0,0,0,0,0,0,0,0
2026-04-26T21:14:20Z,HTTP/3,5mb.bin,32,0,0,0,0,0,0,0,0,0,0
2026-04-26T21:14:20Z,HTTP/3,5mb.bin,33,0,0,0,0,0,0,0,0,0,0
2026-04-26T21:14:20Z,HTTP/3,5mb.bin,34,0,0,0,0,0,0,0,0,0,0
2026-04-26T21:14:20Z,HTTP/3,5mb.bin,35,0,0,0,0,0,0,0,0,0,0
2026-04-26T21:14:20Z,HTTP/3,5mb.bin,36,0,0,0,0,0,0,0,0,0,0
2026-04-26T21:14:20Z,HTTP/3,5mb.bin,37,0,0,0,0,0,0,0,0,0,0
2026-04-26T21:14:20Z,HTTP/3,5mb.bin,38,0,0,0,0,0,0,0,0,0,0
2026-04-26T21:14:20Z,HTTP/3,5mb.bin,39,0,0,0,0,0,0,0,0,0,0
2026-04-26T21:14:20Z,HTTP/3,5mb.bin,40,0,0,0,0,0,0,0,0,0,0
2026-04-26T21:14:20Z,HTTP/2,small_page.bin,1,200,481280,0.000197,0.000255,0.002490,0.002526,0.002924,0.003499,137547870,131.175
2026-04-26T21:14:20Z,HTTP/2,small_page.bin,2,200,481280,0.000188,0.000229,0.002451,0.002487,0.002812,0.003304,145665859,138.917
2026-04-26T21:14:20Z,HTTP/2,small_page.bin,3,200,481280,0.000192,0.000231,0.002412,0.002446,0.002769,0.003375,142601481,135.995
2026-04-26T21:14:20Z,HTTP/2,small_page.bin,4,200,481280,0.000694,0.000792,0.005600,0.005661,0.006146,0.006702,71811399,68.484
2026-04-26T21:14:20Z,HTTP/2,small_page.bin,5,200,481280,0.000222,0.000279,0.002569,0.002605,0.002958,0.003562,135115103,128.855
2026-04-26T21:14:20Z,HTTP/2,small_page.bin,6,200,481280,0.000206,0.000254,0.002484,0.002527,0.002881,0.003550,135571830,129.291
2026-04-26T21:14:20Z,HTTP/2,small_page.bin,7,200,481280,0.000169,0.000213,0.002453,0.002488,0.002788,0.003249,148131732,141.269
2026-04-26T21:14:20Z,HTTP/2,small_page.bin,8,200,481280,0.000184,0.000227,0.002468,0.002503,0.002841,0.003258,147722529,140.879
2026-04-26T21:14:20Z,HTTP/2,small_page.bin,9,200,481280,0.000174,0.000217,0.002447,0.002483,0.002801,0.003229,149049241,142.144
2026-04-26T21:14:20Z,HTTP/2,small_page.bin,10,200,481280,0.000174,0.000217,0.002437,0.002473,0.002796,0.003316,145138721,138.415
2026-04-26T21:14:20Z,HTTP/2,small_page.bin,11,200,481280,0.000166,0.000214,0.002352,0.002388,0.002698,0.003106,154951706,147.773
2026-04-26T21:14:20Z,HTTP/2,small_page.bin,12,200,481280,0.000169,0.000210,0.002354,0.002385,0.002692,0.003046,158003939,150.684
2026-04-26T21:14:20Z,HTTP/2,small_page.bin,13,200,481280,0.000156,0.000194,0.002368,0.002401,0.002740,0.003275,146955725,140.147
2026-04-26T21:14:20Z,HTTP/2,small_page.bin,14,200,481280,0.000177,0.000213,0.002383,0.002424,0.002749,0.003122,154157591,147.016
2026-04-26T21:14:20Z,HTTP/2,small_page.bin,15,200,481280,0.000181,0.000233,0.002538,0.002575,0.002988,0.003487,138021221,131.627
2026-04-26T21:14:20Z,HTTP/2,small_page.bin,16,200,481280,0.000986,0.001080,0.006899,0.006939,0.007737,0.008794,54728223,52.192
2026-04-26T21:14:20Z,HTTP/2,small_page.bin,17,200,481280,0.000200,0.000257,0.002560,0.002595,0.002938,0.003467,138817421,132.386
2026-04-26T21:14:20Z,HTTP/2,small_page.bin,18,200,481280,0.000174,0.000219,0.002430,0.002463,0.002814,0.003394,141803182,135.234
2026-04-26T21:14:20Z,HTTP/2,small_page.bin,19,200,481280,0.000169,0.000208,0.002396,0.002428,0.002740,0.003228,149095415,142.188
2026-04-26T21:14:20Z,HTTP/2,small_page.bin,20,200,481280,0.000158,0.000198,0.002411,0.002443,0.002773,0.003204,150212234,143.253
2026-04-26T21:14:20Z,HTTP/2,small_page.bin,21,200,481280,0.000175,0.000216,0.002435,0.002469,0.002767,0.003242,148451573,141.574
2026-04-26T21:14:20Z,HTTP/2,small_page.bin,22,200,481280,0.000178,0.000221,0.002425,0.002456,0.002734,0.003127,153911096,146.781
2026-04-26T21:14:20Z,HTTP/2,small_page.bin,23,200,481280,0.000164,0.000203,0.002335,0.002366,0.002676,0.003075,156513821,149.263
2026-04-26T21:14:20Z,HTTP/2,small_page.bin,24,200,481280,0.000167,0.000210,0.002356,0.002387,0.002688,0.003150,152787301,145.709
2026-04-26T21:14:20Z,HTTP/2,small_page.bin,25,200,481280,0.000163,0.000199,0.002355,0.002385,0.002657,0.003148,152884371,145.801
2026-04-26T21:14:20Z,HTTP/2,small_page.bin,26,200,481280,0.000165,0.000202,0.002375,0.002407,0.002739,0.003205,150165366,143.208
2026-04-26T21:14:20Z,HTTP/2,small_page.bin,27,200,481280,0.000177,0.000220,0.003018,0.003051,0.003390,0.003992,120561122,114.976
2026-04-26T21:14:20Z,HTTP/2,small_page.bin,28,200,481280,0.000163,0.000200,0.002393,0.002422,0.002739,0.003173,151679798,144.653
2026-04-26T21:14:20Z,HTTP/2,small_page.bin,29,200,481280,0.000272,0.000310,0.002483,0.002515,0.002825,0.003348,143751493,137.092
2026-04-26T21:14:20Z,HTTP/2,small_page.bin,30,200,481280,0.000170,0.000213,0.002528,0.002560,0.002905,0.003440,139906976,133.425
2026-04-26T21:14:20Z,HTTP/2,small_page.bin,31,200,481280,0.000161,0.000203,0.002380,0.002411,0.002757,0.003191,150824193,143.837
2026-04-26T21:14:20Z,HTTP/2,small_page.bin,32,200,481280,0.000163,0.000197,0.002330,0.002360,0.002677,0.003255,147858678,141.009
2026-04-26T21:14:20Z,HTTP/2,small_page.bin,33,200,481280,0.000167,0.000211,0.002416,0.002447,0.002780,0.003268,147270501,140.448
2026-04-26T21:14:20Z,HTTP/2,small_page.bin,34,200,481280,0.000167,0.000206,0.002385,0.002413,0.002707,0.003142,153176320,146.080
2026-04-26T21:14:20Z,HTTP/2,small_page.bin,35,200,481280,0.000162,0.000202,0.002412,0.002444,0.002737,0.003155,152545166,145.478
2026-04-26T21:14:20Z,HTTP/2,small_page.bin,36,200,481280,0.000156,0.000188,0.002372,0.002404,0.002709,0.003137,153420465,146.313
2026-04-26T21:14:20Z,HTTP/2,small_page.bin,37,200,481280,0.000154,0.000197,0.002349,0.002379,0.002675,0.003296,146019417,139.254
2026-04-26T21:14:20Z,HTTP/2,small_page.bin,38,200,481280,0.000168,0.000206,0.002356,0.002386,0.002689,0.003276,146910866,140.105
2026-04-26T21:14:20Z,HTTP/2,small_page.bin,39,200,481280,0.000202,0.000239,0.002444,0.002476,0.002852,0.003419,140766305,134.245
2026-04-26T21:14:20Z,HTTP/2,small_page.bin,40,200,481280,0.000165,0.000206,0.002411,0.002443,0.002739,0.003253,147949584,141.095
2026-04-26T21:14:20Z,HTTP/3,small_page.bin,1,0,0,0,0,0,0,0,0,0,0
2026-04-26T21:14:20Z,HTTP/3,small_page.bin,2,0,0,0,0,0,0,0,0,0,0
2026-04-26T21:14:20Z,HTTP/3,small_page.bin,3,0,0,0,0,0,0,0,0,0,0
2026-04-26T21:14:20Z,HTTP/3,small_page.bin,4,0,0,0,0,0,0,0,0,0,0
2026-04-26T21:14:20Z,HTTP/3,small_page.bin,5,0,0,0,0,0,0,0,0,0,0
2026-04-26T21:14:20Z,HTTP/3,small_page.bin,6,0,0,0,0,0,0,0,0,0,0
2026-04-26T21:14:20Z,HTTP/3,small_page.bin,7,0,0,0,0,0,0,0,0,0,0
2026-04-26T21:14:20Z,HTTP/3,small_page.bin,8,0,0,0,0,0,0,0,0,0,0
2026-04-26T21:14:20Z,HTTP/3,small_page.bin,9,0,0,0,0,0,0,0,0,0,0
2026-04-26T21:14:20Z,HTTP/3,small_page.bin,10,0,0,0,0,0,0,0,0,0,0
2026-04-26T21:14:20Z,HTTP/3,small_page.bin,11,0,0,0,0,0,0,0,0,0,0
2026-04-26T21:14:20Z,HTTP/3,small_page.bin,12,0,0,0,0,0,0,0,0,0,0
2026-04-26T21:14:20Z,HTTP/3,small_page.bin,13,0,0,0,0,0,0,0,0,0,0
2026-04-26T21:14:20Z,HTTP/3,small_page.bin,14,0,0,0,0,0,0,0,0,0,0
2026-04-26T21:14:20Z,HTTP/3,small_page.bin,15,0,0,0,0,0,0,0,0,0,0
2026-04-26T21:14:20Z,HTTP/3,small_page.bin,16,0,0,0,0,0,0,0,0,0,0
2026-04-26T21:14:20Z,HTTP/3,small_page.bin,17,0,0,0,0,0,0,0,0,0,0
2026-04-26T21:14:20Z,HTTP/3,small_page.bin,18,0,0,0,0,0,0,0,0,0,0
2026-04-26T21:14:20Z,HTTP/3,small_page.bin,19,0,0,0,0,0,0,0,0,0,0
2026-04-26T21:14:20Z,HTTP/3,small_page.bin,20,0,0,0,0,0,0,0,0,0,0
2026-04-26T21:14:20Z,HTTP/3,small_page.bin,21,0,0,0,0,0,0,0,0,0,0
2026-04-26T21:14:20Z,HTTP/3,small_page.bin,22,0,0,0,0,0,0,0,0,0,0
2026-04-26T21:14:20Z,HTTP/3,small_page.bin,23,0,0,0,0,0,0,0,0,0,0
2026-04-26T21:14:20Z,HTTP/3,small_page.bin,24,0,0,0,0,0,0,0,0,0,0
2026-04-26T21:14:20Z,HTTP/3,small_page.bin,25,0,0,0,0,0,0,0,0,0,0
2026-04-26T21:14:20Z,HTTP/3,small_page.bin,26,0,0,0,0,0,0,0,0,0,0
2026-04-26T21:14:20Z,HTTP/3,small_page.bin,27,0,0,0,0,0,0,0,0,0,0
2026-04-26T21:14:20Z,HTTP/3,small_page.bin,28,0,0,0,0,0,0,0,0,0,0
2026-04-26T21:14:20Z,HTTP/3,small_page.bin,29,0,0,0,0,0,0,0,0,0,0
2026-04-26T21:14:20Z,HTTP/3,small_page.bin,30,0,0,0,0,0,0,0,0,0,0
2026-04-26T21:14:20Z,HTTP/3,small_page.bin,31,0,0,0,0,0,0,0,0,0,0
2026-04-26T21:14:20Z,HTTP/3,small_page.bin,32,0,0,0,0,0,0,0,0,0,0
2026-04-26T21:14:20Z,HTTP/3,small_page.bin,33,0,0,0,0,0,0,0,0,0,0
2026-04-26T21:14:20Z,HTTP/3,small_page.bin,34,0,0,0,0,0,0,0,0,0,0
2026-04-26T21:14:20Z,HTTP/3,small_page.bin,35,0,0,0,0,0,0,0,0,0,0
2026-04-26T21:14:20Z,HTTP/3,small_page.bin,36,0,0,0,0,0,0,0,0,0,0
2026-04-26T21:14:20Z,HTTP/3,small_page.bin,37,0,0,0,0,0,0,0,0,0,0
2026-04-26T21:14:20Z,HTTP/3,small_page.bin,38,0,0,0,0,0,0,0,0,0,0
2026-04-26T21:14:20Z,HTTP/3,small_page.bin,39,0,0,0,0,0,0,0,0,0,0
2026-04-26T21:14:20Z,HTTP/3,small_page.bin,40,0,0,0,0,0,0,0,0,0,0
2026-04-26T21:14:20Z,HTTP/2,medium_page.bin,1,200,1576960,0.000198,0.000253,0.002507,0.002547,0.002974,0.004467,353024401,336.670
2026-04-26T21:14:20Z,HTTP/2,medium_page.bin,2,200,1576960,0.000181,0.000223,0.002377,0.002410,0.002717,0.004044,389950544,371.885
2026-04-26T21:14:20Z,HTTP/2,medium_page.bin,3,200,1576960,0.000167,0.000219,0.002431,0.002465,0.002809,0.004623,341111832,325.309
2026-04-26T21:14:20Z,HTTP/2,medium_page.bin,4,200,1576960,0.000177,0.000216,0.002466,0.002497,0.002819,0.004259,370265320,353.112
2026-04-26T21:14:20Z,HTTP/2,medium_page.bin,5,200,1576960,0.000162,0.000238,0.002384,0.002419,0.002733,0.004464,353261648,336.896
2026-04-26T21:14:20Z,HTTP/2,medium_page.bin,6,200,1576960,0.000250,0.000295,0.002582,0.002615,0.002969,0.004293,367332867,350.315
2026-04-26T21:14:20Z,HTTP/2,medium_page.bin,7,200,1576960,0.000163,0.000203,0.002384,0.002414,0.002726,0.004549,346660804,330.601
2026-04-26T21:14:20Z,HTTP/2,medium_page.bin,8,200,1576960,0.000194,0.000232,0.002373,0.002403,0.002730,0.004345,362936708,346.123
2026-04-26T21:14:20Z,HTTP/2,medium_page.bin,9,200,1576960,0.000168,0.000207,0.002407,0.002438,0.002775,0.004098,384812103,366.985
2026-04-26T21:14:21Z,HTTP/2,medium_page.bin,10,200,1576960,0.000173,0.000211,0.002428,0.002460,0.002809,0.004613,341851289,326.014
2026-04-26T21:14:21Z,HTTP/2,medium_page.bin,11,200,1576960,0.000165,0.000201,0.002365,0.002395,0.002712,0.004441,355091195,338.641
2026-04-26T21:14:21Z,HTTP/2,medium_page.bin,12,200,1576960,0.000185,0.000222,0.002382,0.002413,0.002733,0.004243,371661560,354.444
2026-04-26T21:14:21Z,HTTP/2,medium_page.bin,13,200,1576960,0.000173,0.000210,0.003024,0.003057,0.003391,0.004760,331294117,315.946
2026-04-26T21:14:21Z,HTTP/2,medium_page.bin,14,200,1576960,0.000188,0.000235,0.002452,0.002484,0.002810,0.004603,342593960,326.723
2026-04-26T21:14:21Z,HTTP/2,medium_page.bin,15,200,1576960,0.000178,0.000217,0.002412,0.002443,0.002768,0.004265,369744431,352.615
2026-04-26T21:14:21Z,HTTP/2,medium_page.bin,16,200,1576960,0.000177,0.000217,0.002503,0.002556,0.002926,0.004704,335238095,319.707
2026-04-26T21:14:21Z,HTTP/2,medium_page.bin,17,200,1576960,0.000198,0.000251,0.002590,0.002627,0.003040,0.005109,308663143,294.364
2026-04-26T21:14:21Z,HTTP/2,medium_page.bin,18,200,1576960,0.000185,0.000239,0.002452,0.002485,0.002860,0.004316,365375347,348.449
2026-04-26T21:14:21Z,HTTP/2,medium_page.bin,19,200,1576960,0.000184,0.000227,0.002437,0.002472,0.002820,0.004405,357993189,341.408
2026-04-26T21:14:21Z,HTTP/2,medium_page.bin,20,200,1576960,0.000207,0.000254,0.002419,0.002453,0.002784,0.004282,368276506,351.215
2026-04-26T21:14:21Z,HTTP/2,medium_page.bin,21,200,1576960,0.000237,0.000311,0.002811,0.002845,0.003216,0.004894,322223130,307.295
2026-04-26T21:14:21Z,HTTP/2,medium_page.bin,22,200,1576960,0.000183,0.000229,0.002459,0.002493,0.002888,0.004347,362769726,345.964
2026-04-26T21:14:21Z,HTTP/2,medium_page.bin,23,200,1576960,0.000180,0.000223,0.002486,0.002520,0.002867,0.004184,376902485,359.442
2026-04-26T21:14:21Z,HTTP/2,medium_page.bin,24,200,1576960,0.000199,0.000245,0.002418,0.002449,0.002770,0.004119,382850206,365.114
2026-04-26T21:14:21Z,HTTP/2,medium_page.bin,25,200,1576960,0.000189,0.000233,0.002395,0.002426,0.002766,0.004159,379168069,361.602
2026-04-26T21:14:21Z,HTTP/2,medium_page.bin,26,200,1576960,0.000166,0.000209,0.002383,0.002415,0.002771,0.003997,394535901,376.258
2026-04-26T21:14:21Z,HTTP/2,medium_page.bin,27,200,1576960,0.000165,0.000201,0.002372,0.002403,0.002774,0.004159,379168069,361.602
2026-04-26T21:14:21Z,HTTP/2,medium_page.bin,28,200,1576960,0.000159,0.000199,0.002395,0.002426,0.002754,0.004253,370787679,353.610
2026-04-26T21:14:21Z,HTTP/2,medium_page.bin,29,200,1576960,0.000179,0.000218,0.002389,0.002419,0.002788,0.004247,371311514,354.110
2026-04-26T21:14:21Z,HTTP/2,medium_page.bin,30,200,1576960,0.000163,0.000200,0.002423,0.002456,0.002817,0.004069,387554681,369.600
2026-04-26T21:14:21Z,HTTP/2,medium_page.bin,31,200,1576960,0.000162,0.000200,0.002351,0.002383,0.002707,0.004670,337678800,322.035
2026-04-26T21:14:21Z,HTTP/2,medium_page.bin,32,200,1576960,0.000164,0.000206,0.002349,0.002381,0.002772,0.004175,377714970,360.217
2026-04-26T21:14:21Z,HTTP/2,medium_page.bin,33,200,1576960,0.000178,0.000219,0.002394,0.002426,0.002783,0.004026,391693989,373.548
2026-04-26T21:14:21Z,HTTP/2,medium_page.bin,34,200,1576960,0.000155,0.000191,0.002357,0.002386,0.002697,0.004261,370091527,352.946
2026-04-26T21:14:21Z,HTTP/2,medium_page.bin,35,200,1576960,0.000163,0.000199,0.002367,0.002397,0.002730,0.004082,386320431,368.423
2026-04-26T21:14:21Z,HTTP/2,medium_page.bin,36,200,1576960,0.000197,0.000233,0.002369,0.002400,0.002710,0.004484,351685994,335.393
2026-04-26T21:14:21Z,HTTP/2,medium_page.bin,37,200,1576960,0.000158,0.000207,0.002784,0.002821,0.003200,0.004666,337968281,322.311
2026-04-26T21:14:21Z,HTTP/2,medium_page.bin,38,200,1576960,0.000188,0.000230,0.002405,0.002435,0.002736,0.004286,367932804,350.888
2026-04-26T21:14:21Z,HTTP/2,medium_page.bin,39,200,1576960,0.000162,0.000201,0.002391,0.002427,0.002751,0.004240,371924528,354.694
2026-04-26T21:14:21Z,HTTP/2,medium_page.bin,40,200,1576960,0.000168,0.000207,0.002378,0.002410,0.002739,0.004545,346965896,330.892
2026-04-26T21:14:21Z,HTTP/3,medium_page.bin,1,0,0,0,0,0,0,0,0,0,0
2026-04-26T21:14:21Z,HTTP/3,medium_page.bin,2,0,0,0,0,0,0,0,0,0,0
2026-04-26T21:14:21Z,HTTP/3,medium_page.bin,3,0,0,0,0,0,0,0,0,0,0
2026-04-26T21:14:21Z,HTTP/3,medium_page.bin,4,0,0,0,0,0,0,0,0,0,0
2026-04-26T21:14:21Z,HTTP/3,medium_page.bin,5,0,0,0,0,0,0,0,0,0,0
2026-04-26T21:14:21Z,HTTP/3,medium_page.bin,6,0,0,0,0,0,0,0,0,0,0
2026-04-26T21:14:21Z,HTTP/3,medium_page.bin,7,0,0,0,0,0,0,0,0,0,0
2026-04-26T21:14:21Z,HTTP/3,medium_page.bin,8,0,0,0,0,0,0,0,0,0,0
2026-04-26T21:14:21Z,HTTP/3,medium_page.bin,9,0,0,0,0,0,0,0,0,0,0
2026-04-26T21:14:21Z,HTTP/3,medium_page.bin,10,0,0,0,0,0,0,0,0,0,0
2026-04-26T21:14:21Z,HTTP/3,medium_page.bin,11,0,0,0,0,0,0,0,0,0,0
2026-04-26T21:14:21Z,HTTP/3,medium_page.bin,12,0,0,0,0,0,0,0,0,0,0
2026-04-26T21:14:21Z,HTTP/3,medium_page.bin,13,0,0,0,0,0,0,0,0,0,0
2026-04-26T21:14:21Z,HTTP/3,medium_page.bin,14,0,0,0,0,0,0,0,0,0,0
2026-04-26T21:14:21Z,HTTP/3,medium_page.bin,15,0,0,0,0,0,0,0,0,0,0
2026-04-26T21:14:21Z,HTTP/3,medium_page.bin,16,0,0,0,0,0,0,0,0,0,0
2026-04-26T21:14:21Z,HTTP/3,medium_page.bin,17,0,0,0,0,0,0,0,0,0,0
2026-04-26T21:14:21Z,HTTP/3,medium_page.bin,18,0,0,0,0,0,0,0,0,0,0
2026-04-26T21:14:21Z,HTTP/3,medium_page.bin,19,0,0,0,0,0,0,0,0,0,0
2026-04-26T21:14:21Z,HTTP/3,medium_page.bin,20,0,0,0,0,0,0,0,0,0,0
2026-04-26T21:14:21Z,HTTP/3,medium_page.bin,21,0,0,0,0,0,0,0,0,0,0
2026-04-26T21:14:21Z,HTTP/3,medium_page.bin,22,0,0,0,0,0,0,0,0,0,0
2026-04-26T21:14:21Z,HTTP/3,medium_page.bin,23,0,0,0,0,0,0,0,0,0,0
2026-04-26T21:14:21Z,HTTP/3,medium_page.bin,24,0,0,0,0,0,0,0,0,0,0
2026-04-26T21:14:21Z,HTTP/3,medium_page.bin,25,0,0,0,0,0,0,0,0,0,0
2026-04-26T21:14:21Z,HTTP/3,medium_page.bin,26,0,0,0,0,0,0,0,0,0,0
2026-04-26T21:14:21Z,HTTP/3,medium_page.bin,27,0,0,0,0,0,0,0,0,0,0
2026-04-26T21:14:21Z,HTTP/3,medium_page.bin,28,0,0,0,0,0,0,0,0,0,0
2026-04-26T21:14:21Z,HTTP/3,medium_page.bin,29,0,0,0,0,0,0,0,0,0,0
2026-04-26T21:14:21Z,HTTP/3,medium_page.bin,30,0,0,0,0,0,0,0,0,0,0
2026-04-26T21:14:21Z,HTTP/3,medium_page.bin,31,0,0,0,0,0,0,0,0,0,0
2026-04-26T21:14:21Z,HTTP/3,medium_page.bin,32,0,0,0,0,0,0,0,0,0,0
2026-04-26T21:14:21Z,HTTP/3,medium_page.bin,33,0,0,0,0,0,0,0,0,0,0
2026-04-26T21:14:21Z,HTTP/3,medium_page.bin,34,0,0,0,0,0,0,0,0,0,0
2026-04-26T21:14:21Z,HTTP/3,medium_page.bin,35,0,0,0,0,0,0,0,0,0,0
2026-04-26T21:14:21Z,HTTP/3,medium_page.bin,36,0,0,0,0,0,0,0,0,0,0
2026-04-26T21:14:21Z,HTTP/3,medium_page.bin,37,0,0,0,0,0,0,0,0,0,0
2026-04-26T21:14:21Z,HTTP/3,medium_page.bin,38,0,0,0,0,0,0,0,0,0,0
2026-04-26T21:14:21Z,HTTP/3,medium_page.bin,39,0,0,0,0,0,0,0,0,0,0
2026-04-26T21:14:21Z,HTTP/3,medium_page.bin,40,0,0,0,0,0,0,0,0,0,0
2026-04-26T21:14:21Z,HTTP/2,large_page.bin,1,200,2897920,0.000191,0.000244,0.002497,0.002534,0.002916,0.005743,504600383,481.224
2026-04-26T21:14:21Z,HTTP/2,large_page.bin,2,200,2897920,0.000203,0.000258,0.002484,0.002518,0.002918,0.005431,533588657,508.869
2026-04-26T21:14:21Z,HTTP/2,large_page.bin,3,200,2897920,0.000178,0.000221,0.002419,0.002450,0.002803,0.005339,542783292,517.638
2026-04-26T21:14:21Z,HTTP/2,large_page.bin,4,200,2897920,0.000179,0.000222,0.002360,0.002396,0.002742,0.006115,473903515,451.949
2026-04-26T21:14:21Z,HTTP/2,large_page.bin,5,200,2897920,0.000166,0.000207,0.002385,0.002417,0.002763,0.005835,496644387,473.636
2026-04-26T21:14:21Z,HTTP/2,large_page.bin,6,200,2897920,0.000172,0.000216,0.002431,0.002470,0.002877,0.005552,521959654,497.779
2026-04-26T21:14:21Z,HTTP/2,large_page.bin,7,200,2897920,0.000208,0.000248,0.002436,0.002473,0.002858,0.005367,539951555,514.937
2026-04-26T21:14:21Z,HTTP/2,large_page.bin,8,200,2897920,0.000171,0.000215,0.002408,0.002439,0.002871,0.006298,460133375,438.817
2026-04-26T21:14:21Z,HTTP/2,large_page.bin,9,200,2897920,0.000162,0.000202,0.002368,0.002407,0.002759,0.005145,563249757,537.156
2026-04-26T21:14:21Z,HTTP/2,large_page.bin,10,200,2897920,0.000159,0.000205,0.002359,0.002391,0.002722,0.005271,549785619,524.316
2026-04-26T21:14:21Z,HTTP/2,large_page.bin,11,200,2897920,0.000173,0.000213,0.002369,0.002401,0.002766,0.006027,480822963,458.548
2026-04-26T21:14:21Z,HTTP/2,large_page.bin,12,200,2897920,0.000185,0.000230,0.002440,0.002474,0.002840,0.005544,522712842,498.497
2026-04-26T21:14:21Z,HTTP/2,large_page.bin,13,200,2897920,0.000171,0.000209,0.002422,0.002458,0.002793,0.005163,561286073,535.284
2026-04-26T21:14:21Z,HTTP/2,large_page.bin,14,200,2897920,0.000163,0.000199,0.002445,0.002477,0.002796,0.004994,580280336,553.398
2026-04-26T21:14:21Z,HTTP/2,large_page.bin,15,200,2897920,0.000171,0.000225,0.002413,0.002444,0.002786,0.005362,540455054,515.418
2026-04-26T21:14:21Z,HTTP/2,large_page.bin,16,200,2897920,0.000178,0.000216,0.002379,0.002409,0.002768,0.005280,548848484,523.422
2026-04-26T21:14:21Z,HTTP/2,large_page.bin,17,200,2897920,0.000190,0.000235,0.002535,0.002568,0.002963,0.005220,555157088,529.439
2026-04-26T21:14:21Z,HTTP/2,large_page.bin,18,200,2897920,0.000158,0.000211,0.002420,0.002453,0.002823,0.005782,501196817,477.978
2026-04-26T21:14:21Z,HTTP/2,large_page.bin,19,200,2897920,0.000250,0.000291,0.002457,0.002486,0.002796,0.005872,493514986,470.652
2026-04-26T21:14:21Z,HTTP/2,large_page.bin,20,200,2897920,0.000181,0.000220,0.002398,0.002430,0.003680,0.006137,472204660,450.329
2026-04-26T21:14:21Z,HTTP/2,large_page.bin,21,200,2897920,0.000177,0.000219,0.002432,0.002464,0.002799,0.005331,543597824,518.415
2026-04-26T21:14:21Z,HTTP/2,large_page.bin,22,200,2897920,0.000169,0.000209,0.002390,0.002422,0.002776,0.005846,495709887,472.745
2026-04-26T21:14:21Z,HTTP/2,large_page.bin,23,200,2897920,0.000186,0.000228,0.002446,0.002482,0.002824,0.005396,537049666,512.170
2026-04-26T21:14:21Z,HTTP/2,large_page.bin,24,200,2897920,0.000157,0.000195,0.002382,0.002413,0.002754,0.005864,494188267,471.294
2026-04-26T21:14:22Z,HTTP/2,large_page.bin,25,200,2897920,0.000171,0.000211,0.002407,0.002439,0.002786,0.005552,521959654,497.779
2026-04-26T21:14:22Z,HTTP/2,large_page.bin,26,200,2897920,0.000190,0.000235,0.002465,0.002503,0.002931,0.005648,513087818,489.318
2026-04-26T21:14:22Z,HTTP/2,large_page.bin,27,200,2897920,0.000172,0.000217,0.002504,0.002539,0.002993,0.006401,452729261,431.756
2026-04-26T21:14:22Z,HTTP/2,large_page.bin,28,200,2897920,0.000194,0.000235,0.002428,0.002462,0.002921,0.005804,499297036,476.166
2026-04-26T21:14:22Z,HTTP/2,large_page.bin,29,200,2897920,0.000183,0.000230,0.002449,0.002484,0.002889,0.005398,536850685,511.980
2026-04-26T21:14:22Z,HTTP/2,large_page.bin,30,200,2897920,0.000198,0.000237,0.002456,0.002488,0.002852,0.005406,536056233,511.223
2026-04-26T21:14:22Z,HTTP/2,large_page.bin,31,200,2897920,0.000179,0.000217,0.002407,0.002439,0.002760,0.005952,486881720,464.326
2026-04-26T21:14:22Z,HTTP/2,large_page.bin,32,200,2897920,0.000194,0.000233,0.002453,0.002484,0.002863,0.005515,525461468,501.119
2026-04-26T21:14:22Z,HTTP/2,large_page.bin,33,200,2897920,0.000169,0.000213,0.002447,0.002481,0.002834,0.005499,526990361,502.577
2026-04-26T21:14:22Z,HTTP/2,large_page.bin,34,200,2897920,0.000177,0.000218,0.002521,0.002554,0.002967,0.005355,541161531,516.091
2026-04-26T21:14:22Z,HTTP/2,large_page.bin,35,200,2897920,0.000243,0.000285,0.002519,0.002552,0.002923,0.005436,533097866,508.401
2026-04-26T21:14:22Z,HTTP/2,large_page.bin,36,200,2897920,0.000156,0.000192,0.002411,0.002442,0.002795,0.005181,559336035,533.424
2026-04-26T21:14:22Z,HTTP/2,large_page.bin,37,200,2897920,0.000180,0.000221,0.002378,0.002408,0.002769,0.005203,556970978,531.168
2026-04-26T21:14:22Z,HTTP/2,large_page.bin,38,200,2897920,0.000166,0.000205,0.002398,0.002438,0.002800,0.005212,556009209,530.251
2026-04-26T21:14:22Z,HTTP/2,large_page.bin,39,200,2897920,0.000160,0.000203,0.002413,0.002452,0.002878,0.005652,512724699,488.972
2026-04-26T21:14:22Z,HTTP/2,large_page.bin,40,200,2897920,0.000170,0.000207,0.002382,0.002415,0.002759,0.005005,579004995,552.182
2026-04-26T21:14:22Z,HTTP/3,large_page.bin,1,0,0,0,0,0,0,0,0,0,0
2026-04-26T21:14:22Z,HTTP/3,large_page.bin,2,0,0,0,0,0,0,0,0,0,0
2026-04-26T21:14:22Z,HTTP/3,large_page.bin,3,0,0,0,0,0,0,0,0,0,0
2026-04-26T21:14:22Z,HTTP/3,large_page.bin,4,0,0,0,0,0,0,0,0,0,0
2026-04-26T21:14:22Z,HTTP/3,large_page.bin,5,0,0,0,0,0,0,0,0,0,0
2026-04-26T21:14:22Z,HTTP/3,large_page.bin,6,0,0,0,0,0,0,0,0,0,0
2026-04-26T21:14:22Z,HTTP/3,large_page.bin,7,0,0,0,0,0,0,0,0,0,0
2026-04-26T21:14:22Z,HTTP/3,large_page.bin,8,0,0,0,0,0,0,0,0,0,0
2026-04-26T21:14:22Z,HTTP/3,large_page.bin,9,0,0,0,0,0,0,0,0,0,0
2026-04-26T21:14:22Z,HTTP/3,large_page.bin,10,0,0,0,0,0,0,0,0,0,0
2026-04-26T21:14:22Z,HTTP/3,large_page.bin,11,0,0,0,0,0,0,0,0,0,0
2026-04-26T21:14:22Z,HTTP/3,large_page.bin,12,0,0,0,0,0,0,0,0,0,0
2026-04-26T21:14:22Z,HTTP/3,large_page.bin,13,0,0,0,0,0,0,0,0,0,0
2026-04-26T21:14:22Z,HTTP/3,large_page.bin,14,0,0,0,0,0,0,0,0,0,0
2026-04-26T21:14:22Z,HTTP/3,large_page.bin,15,0,0,0,0,0,0,0,0,0,0
2026-04-26T21:14:22Z,HTTP/3,large_page.bin,16,0,0,0,0,0,0,0,0,0,0
2026-04-26T21:14:22Z,HTTP/3,large_page.bin,17,0,0,0,0,0,0,0,0,0,0
2026-04-26T21:14:22Z,HTTP/3,large_page.bin,18,0,0,0,0,0,0,0,0,0,0
2026-04-26T21:14:22Z,HTTP/3,large_page.bin,19,0,0,0,0,0,0,0,0,0,0
2026-04-26T21:14:22Z,HTTP/3,large_page.bin,20,0,0,0,0,0,0,0,0,0,0
2026-04-26T21:14:22Z,HTTP/3,large_page.bin,21,0,0,0,0,0,0,0,0,0,0
2026-04-26T21:14:22Z,HTTP/3,large_page.bin,22,0,0,0,0,0,0,0,0,0,0
2026-04-26T21:14:22Z,HTTP/3,large_page.bin,23,0,0,0,0,0,0,0,0,0,0
2026-04-26T21:14:22Z,HTTP/3,large_page.bin,24,0,0,0,0,0,0,0,0,0,0
2026-04-26T21:14:22Z,HTTP/3,large_page.bin,25,0,0,0,0,0,0,0,0,0,0
2026-04-26T21:14:22Z,HTTP/3,large_page.bin,26,0,0,0,0,0,0,0,0,0,0
2026-04-26T21:14:22Z,HTTP/3,large_page.bin,27,0,0,0,0,0,0,0,0,0,0
2026-04-26T21:14:22Z,HTTP/3,large_page.bin,28,0,0,0,0,0,0,0,0,0,0
2026-04-26T21:14:22Z,HTTP/3,large_page.bin,29,0,0,0,0,0,0,0,0,0,0
2026-04-26T21:14:22Z,HTTP/3,large_page.bin,30,0,0,0,0,0,0,0,0,0,0
2026-04-26T21:14:22Z,HTTP/3,large_page.bin,31,0,0,0,0,0,0,0,0,0,0
2026-04-26T21:14:22Z,HTTP/3,large_page.bin,32,0,0,0,0,0,0,0,0,0,0
2026-04-26T21:14:22Z,HTTP/3,large_page.bin,33,0,0,0,0,0,0,0,0,0,0
2026-04-26T21:14:22Z,HTTP/3,large_page.bin,34,0,0,0,0,0,0,0,0,0,0
2026-04-26T21:14:22Z,HTTP/3,large_page.bin,35,0,0,0,0,0,0,0,0,0,0
2026-04-26T21:14:22Z,HTTP/3,large_page.bin,36,0,0,0,0,0,0,0,0,0,0
2026-04-26T21:14:22Z,HTTP/3,large_page.bin,37,0,0,0,0,0,0,0,0,0,0
2026-04-26T21:14:22Z,HTTP/3,large_page.bin,38,0,0,0,0,0,0,0,0,0,0
2026-04-26T21:14:22Z,HTTP/3,large_page.bin,39,0,0,0,0,0,0,0,0,0,0
2026-04-26T21:14:22Z,HTTP/3,large_page.bin,40,0,0,0,0,0,0,0,0,0,0
