run_id,timestamp,protocol,http_version,payload,attempt,http_code,size_bytes,time_namelookup_s,time_connect_s,time_appconnect_s,time_pretransfer_s,time_starttransfer_s,time_total_s,time_to_last_byte_s,body_transfer_s,speed_Bps,speed_KBps,speed_MBps,num_connects,num_redirects
20260426T222240Z,2026-04-26T22:22:40Z,HTTP/1.1,1.1,100kb.bin,1,200,102400,0.000207,0.000273,0.003058,0.003076,0.003455,0.003553,0.003553,0.000098,28820714,28145.229,27.486,1,0
20260426T222240Z,2026-04-26T22:22:40Z,HTTP/1.1,1.1,100kb.bin,2,200,102400,0.000192,0.000252,0.002761,0.002777,0.003123,0.003231,0.003231,0.000108,31692974,30950.170,30.225,1,0
20260426T222240Z,2026-04-26T22:22:40Z,HTTP/1.1,1.1,100kb.bin,3,200,102400,0.000230,0.000287,0.004613,0.004650,0.005063,0.005305,0.005305,0.000242,19302544,18850.141,18.408,1,0
20260426T222240Z,2026-04-26T22:22:40Z,HTTP/1.1,1.1,100kb.bin,4,200,102400,0.000197,0.000256,0.002471,0.002486,0.002777,0.002850,0.002850,0.000073,35929824,35087.719,34.265,1,0
20260426T222240Z,2026-04-26T22:22:40Z,HTTP/1.1,1.1,100kb.bin,5,200,102400,0.000187,0.000230,0.002707,0.002725,0.002975,0.003047,0.003047,0.000072,33606826,32819.166,32.050,1,0
20260426T222240Z,2026-04-26T22:22:40Z,HTTP/1.1,1.1,100kb.bin,6,200,102400,0.000164,0.000218,0.002404,0.002418,0.002675,0.002788,0.002788,0.000113,36728837,35868.005,35.027,1,0
20260426T222240Z,2026-04-26T22:22:40Z,HTTP/1.1,1.1,100kb.bin,7,200,102400,0.000177,0.000221,0.002416,0.002433,0.002686,0.002776,0.002776,0.000090,36887608,36023.055,35.179,1,0
20260426T222240Z,2026-04-26T22:22:40Z,HTTP/1.1,1.1,100kb.bin,8,200,102400,0.000161,0.000197,0.002363,0.002379,0.002632,0.002729,0.002729,0.000097,37522902,36643.459,35.785,1,0
20260426T222240Z,2026-04-26T22:22:40Z,HTTP/1.1,1.1,100kb.bin,9,200,102400,0.000183,0.000229,0.002634,0.002647,0.002901,0.002994,0.002994,0.000093,34201736,33400.133,32.617,1,0
20260426T222240Z,2026-04-26T22:22:40Z,HTTP/1.1,1.1,100kb.bin,10,200,102400,0.000152,0.000187,0.002475,0.002488,0.002717,0.002809,0.002809,0.000092,36454254,35599.857,34.765,1,0
20260426T222240Z,2026-04-26T22:22:40Z,HTTP/1.1,1.1,100kb.bin,11,200,102400,0.000172,0.000210,0.002355,0.002368,0.002613,0.002700,0.002700,0.000087,37925925,37037.036,36.169,1,0
20260426T222240Z,2026-04-26T22:22:40Z,HTTP/1.1,1.1,100kb.bin,12,200,102400,0.000149,0.000188,0.002432,0.002448,0.002716,0.002784,0.002784,0.000068,36781609,35919.540,35.078,1,0
20260426T222240Z,2026-04-26T22:22:40Z,HTTP/1.1,1.1,100kb.bin,13,200,102400,0.000147,0.000183,0.002348,0.002361,0.002586,0.002660,0.002660,0.000074,38496240,37593.984,36.713,1,0
20260426T222240Z,2026-04-26T22:22:40Z,HTTP/1.1,1.1,100kb.bin,14,200,102400,0.000147,0.000193,0.002364,0.002379,0.002604,0.002677,0.002677,0.000073,38251774,37355.248,36.480,1,0
20260426T222240Z,2026-04-26T22:22:40Z,HTTP/1.1,1.1,100kb.bin,15,200,102400,0.000158,0.000193,0.002325,0.002338,0.002561,0.002647,0.002647,0.000086,38685304,37778.617,36.893,1,0
20260426T222240Z,2026-04-26T22:22:40Z,HTTP/1.1,1.1,100kb.bin,16,200,102400,0.000155,0.000194,0.002419,0.002432,0.002655,0.002773,0.002773,0.000118,36927515,36062.026,35.217,1,0
20260426T222240Z,2026-04-26T22:22:40Z,HTTP/1.1,1.1,100kb.bin,17,200,102400,0.000151,0.000187,0.002360,0.002373,0.002623,0.002695,0.002695,0.000072,37996289,37105.751,36.236,1,0
20260426T222240Z,2026-04-26T22:22:40Z,HTTP/1.1,1.1,100kb.bin,18,200,102400,0.000148,0.000182,0.002312,0.002323,0.002561,0.002638,0.002638,0.000077,38817285,37907.505,37.019,1,0
20260426T222240Z,2026-04-26T22:22:40Z,HTTP/1.1,1.1,100kb.bin,19,200,102400,0.000235,0.000279,0.002444,0.002457,0.002677,0.002767,0.002767,0.000090,37007589,36140.224,35.293,1,0
20260426T222240Z,2026-04-26T22:22:40Z,HTTP/1.1,1.1,100kb.bin,20,200,102400,0.000150,0.000185,0.002372,0.002384,0.002618,0.002708,0.002708,0.000090,37813884,36927.621,36.062,1,0
20260426T222240Z,2026-04-26T22:22:40Z,HTTP/1.1,1.1,100kb.bin,21,200,102400,0.000160,0.000193,0.002348,0.002363,0.002686,0.002758,0.002758,0.000072,37128353,36258.157,35.408,1,0
20260426T222240Z,2026-04-26T22:22:40Z,HTTP/1.1,1.1,100kb.bin,22,200,102400,0.000159,0.000202,0.002421,0.002436,0.002680,0.002771,0.002771,0.000091,36954168,36088.055,35.242,1,0
20260426T222240Z,2026-04-26T22:22:40Z,HTTP/1.1,1.1,100kb.bin,23,200,102400,0.000181,0.000230,0.002390,0.002403,0.002658,0.002740,0.002740,0.000082,37372262,36496.350,35.641,1,0
20260426T222240Z,2026-04-26T22:22:40Z,HTTP/1.1,1.1,100kb.bin,24,200,102400,0.000169,0.000208,0.002362,0.002375,0.002600,0.002689,0.002689,0.000089,38081071,37188.546,36.317,1,0
20260426T222240Z,2026-04-26T22:22:40Z,HTTP/1.1,1.1,100kb.bin,25,200,102400,0.000172,0.000210,0.002386,0.002402,0.002645,0.002715,0.002715,0.000070,37716390,36832.412,35.969,1,0
20260426T222240Z,2026-04-26T22:22:40Z,HTTP/1.1,1.1,100kb.bin,26,200,102400,0.000150,0.000184,0.002329,0.002345,0.002593,0.002705,0.002705,0.000112,37855822,36968.576,36.102,1,0
20260426T222240Z,2026-04-26T22:22:40Z,HTTP/1.1,1.1,100kb.bin,27,200,102400,0.000164,0.000204,0.002373,0.002387,0.002589,0.002671,0.002671,0.000082,38337701,37439.161,36.562,1,0
20260426T222240Z,2026-04-26T22:22:40Z,HTTP/1.1,1.1,100kb.bin,28,200,102400,0.000168,0.000207,0.002386,0.002400,0.002649,0.002735,0.002735,0.000086,37440585,36563.071,35.706,1,0
20260426T222240Z,2026-04-26T22:22:40Z,HTTP/1.1,1.1,100kb.bin,29,200,102400,0.000155,0.000192,0.002389,0.002402,0.002649,0.002737,0.002737,0.000088,37413226,36536.354,35.680,1,0
20260426T222240Z,2026-04-26T22:22:40Z,HTTP/1.1,1.1,100kb.bin,30,200,102400,0.000161,0.000201,0.002379,0.002393,0.002630,0.002701,0.002701,0.000071,37911884,37023.324,36.156,1,0
20260426T222240Z,2026-04-26T22:22:40Z,HTTP/1.1,1.1,100kb.bin,31,200,102400,0.000172,0.000209,0.002397,0.002413,0.002673,0.002759,0.002759,0.000086,37114896,36245.016,35.396,1,0
20260426T222240Z,2026-04-26T22:22:40Z,HTTP/1.1,1.1,100kb.bin,32,200,102400,0.000191,0.000231,0.002400,0.002413,0.002694,0.002780,0.002780,0.000086,36834532,35971.223,35.128,1,0
20260426T222240Z,2026-04-26T22:22:40Z,HTTP/1.1,1.1,100kb.bin,33,200,102400,0.000142,0.000177,0.002307,0.002321,0.002569,0.002652,0.002652,0.000083,38612368,37707.391,36.824,1,0
20260426T222240Z,2026-04-26T22:22:40Z,HTTP/1.1,1.1,100kb.bin,34,200,102400,0.000179,0.000215,0.002396,0.002412,0.002645,0.002731,0.002731,0.000086,37495422,36616.623,35.758,1,0
20260426T222240Z,2026-04-26T22:22:40Z,HTTP/1.1,1.1,100kb.bin,35,200,102400,0.000165,0.000203,0.002387,0.002400,0.002639,0.002729,0.002729,0.000090,37522902,36643.459,35.785,1,0
20260426T222240Z,2026-04-26T22:22:40Z,HTTP/1.1,1.1,100kb.bin,36,200,102400,0.000157,0.000191,0.002317,0.002333,0.002578,0.002673,0.002673,0.000095,38309016,37411.148,36.534,1,0
20260426T222240Z,2026-04-26T22:22:40Z,HTTP/1.1,1.1,100kb.bin,37,200,102400,0.000169,0.000205,0.002372,0.002385,0.002661,0.002735,0.002735,0.000074,37440585,36563.071,35.706,1,0
20260426T222240Z,2026-04-26T22:22:40Z,HTTP/1.1,1.1,100kb.bin,38,200,102400,0.000187,0.000222,0.002381,0.002395,0.002620,0.002712,0.002712,0.000092,37758112,36873.156,36.009,1,0
20260426T222240Z,2026-04-26T22:22:40Z,HTTP/1.1,1.1,100kb.bin,39,200,102400,0.000192,0.000228,0.002398,0.002411,0.002648,0.002715,0.002715,0.000067,37716390,36832.412,35.969,1,0
20260426T222240Z,2026-04-26T22:22:40Z,HTTP/1.1,1.1,100kb.bin,40,200,102400,0.000155,0.000198,0.002338,0.002351,0.002581,0.002670,0.002670,0.000089,38352059,37453.183,36.575,1,0
20260426T222240Z,2026-04-26T22:22:40Z,HTTP/2,2,100kb.bin,1,200,102400,0.000158,0.000197,0.002371,0.002406,0.002701,0.002803,0.002803,0.000102,36532286,35676.061,34.840,1,0
20260426T222240Z,2026-04-26T22:22:40Z,HTTP/2,2,100kb.bin,2,200,102400,0.000176,0.000214,0.002343,0.002374,0.002677,0.002816,0.002816,0.000139,36363636,35511.363,34.679,1,0
20260426T222240Z,2026-04-26T22:22:40Z,HTTP/2,2,100kb.bin,3,200,102400,0.000158,0.000201,0.002338,0.002366,0.002700,0.002862,0.002862,0.000162,35779175,34940.601,34.122,1,0
20260426T222240Z,2026-04-26T22:22:40Z,HTTP/2,2,100kb.bin,4,200,102400,0.000152,0.000185,0.002371,0.002401,0.002733,0.002839,0.002839,0.000106,36069038,35223.670,34.398,1,0
20260426T222240Z,2026-04-26T22:22:40Z,HTTP/2,2,100kb.bin,5,200,102400,0.000185,0.000232,0.002371,0.002401,0.002683,0.002772,0.002772,0.000089,36940836,36075.035,35.230,1,0
20260426T222240Z,2026-04-26T22:22:40Z,HTTP/2,2,100kb.bin,6,200,102400,0.000165,0.000200,0.002343,0.002372,0.002677,0.002782,0.002782,0.000105,36808051,35945.362,35.103,1,0
20260426T222240Z,2026-04-26T22:22:40Z,HTTP/2,2,100kb.bin,7,200,102400,0.000151,0.000190,0.002430,0.002462,0.002810,0.002961,0.002961,0.000151,34582911,33772.374,32.981,1,0
20260426T222240Z,2026-04-26T22:22:40Z,HTTP/2,2,100kb.bin,8,200,102400,0.000182,0.000224,0.002371,0.002400,0.002690,0.003233,0.003233,0.000543,31673368,30931.023,30.206,1,0
20260426T222240Z,2026-04-26T22:22:40Z,HTTP/2,2,100kb.bin,9,200,102400,0.000193,0.000237,0.002387,0.002418,0.002711,0.002801,0.002801,0.000090,36558372,35701.535,34.865,1,0
20260426T222240Z,2026-04-26T22:22:40Z,HTTP/2,2,100kb.bin,10,200,102400,0.000155,0.000194,0.002381,0.002411,0.002731,0.002901,0.002901,0.000170,35298173,34470.872,33.663,1,0
20260426T222240Z,2026-04-26T22:22:40Z,HTTP/2,2,100kb.bin,11,200,102400,0.000148,0.000184,0.002388,0.002417,0.002709,0.002854,0.002854,0.000145,35879467,35038.542,34.217,1,0
20260426T222240Z,2026-04-26T22:22:40Z,HTTP/2,2,100kb.bin,12,200,102400,0.000169,0.000206,0.002378,0.002407,0.002726,0.002857,0.002857,0.000131,35841792,35001.750,34.181,1,0
20260426T222240Z,2026-04-26T22:22:40Z,HTTP/2,2,100kb.bin,13,200,102400,0.000172,0.000213,0.002406,0.002436,0.002740,0.002851,0.002851,0.000111,35917222,35075.412,34.253,1,0
20260426T222240Z,2026-04-26T22:22:40Z,HTTP/2,2,100kb.bin,14,200,102400,0.000177,0.000215,0.002365,0.002394,0.002708,0.002825,0.002825,0.000117,36247787,35398.229,34.569,1,0
20260426T222240Z,2026-04-26T22:22:40Z,HTTP/2,2,100kb.bin,15,200,102400,0.000161,0.000204,0.002812,0.002853,0.003324,0.003447,0.003447,0.000123,29706991,29010.733,28.331,1,0
20260426T222240Z,2026-04-26T22:22:40Z,HTTP/2,2,100kb.bin,16,200,102400,0.000196,0.000243,0.002491,0.002525,0.002828,0.002952,0.002952,0.000124,34688346,33875.338,33.081,1,0
20260426T222240Z,2026-04-26T22:22:40Z,HTTP/2,2,100kb.bin,17,200,102400,0.000168,0.000214,0.002397,0.002428,0.002756,0.002889,0.002889,0.000133,35444790,34614.053,33.803,1,0
20260426T222240Z,2026-04-26T22:22:40Z,HTTP/2,2,100kb.bin,18,200,102400,0.000164,0.000204,0.002370,0.002401,0.002728,0.002835,0.002835,0.000107,36119929,35273.368,34.447,1,0
20260426T222240Z,2026-04-26T22:22:40Z,HTTP/2,2,100kb.bin,19,200,102400,0.000156,0.000194,0.002342,0.002371,0.002666,0.002787,0.002787,0.000121,36742016,35880.875,35.040,1,0
20260426T222240Z,2026-04-26T22:22:40Z,HTTP/2,2,100kb.bin,20,200,102400,0.000175,0.000217,0.002403,0.002436,0.002744,0.002841,0.002841,0.000097,36043646,35198.873,34.374,1,0
20260426T222240Z,2026-04-26T22:22:40Z,HTTP/2,2,100kb.bin,21,200,102400,0.000262,0.000302,0.002481,0.002511,0.002823,0.002940,0.002940,0.000117,34829931,34013.604,33.216,1,0
20260426T222240Z,2026-04-26T22:22:41Z,HTTP/2,2,100kb.bin,22,200,102400,0.000146,0.000185,0.002338,0.002375,0.002682,0.002837,0.002837,0.000155,36094465,35248.501,34.422,1,0
20260426T222240Z,2026-04-26T22:22:41Z,HTTP/2,2,100kb.bin,23,200,102400,0.000284,0.000328,0.002570,0.002604,0.002953,0.003074,0.003074,0.000121,33311646,32530.904,31.768,1,0
20260426T222240Z,2026-04-26T22:22:41Z,HTTP/2,2,100kb.bin,24,200,102400,0.000187,0.000229,0.002413,0.002444,0.002788,0.002903,0.002903,0.000115,35273854,34447.123,33.640,1,0
20260426T222240Z,2026-04-26T22:22:41Z,HTTP/2,2,100kb.bin,25,200,102400,0.000175,0.000212,0.002394,0.002424,0.002728,0.002853,0.002853,0.000125,35892043,35050.823,34.229,1,0
20260426T222240Z,2026-04-26T22:22:41Z,HTTP/2,2,100kb.bin,26,200,102400,0.000193,0.000233,0.002465,0.002495,0.002806,0.002937,0.002937,0.000131,34865509,34048.349,33.250,1,0
20260426T222240Z,2026-04-26T22:22:41Z,HTTP/2,2,100kb.bin,27,200,102400,0.000159,0.000202,0.002378,0.002412,0.002725,0.002890,0.002890,0.000165,35432525,34602.075,33.791,1,0
20260426T222240Z,2026-04-26T22:22:41Z,HTTP/2,2,100kb.bin,28,200,102400,0.000180,0.000227,0.002490,0.002525,0.002891,0.003017,0.003017,0.000126,33941000,33145.508,32.369,1,0
20260426T222240Z,2026-04-26T22:22:41Z,HTTP/2,2,100kb.bin,29,200,102400,0.000188,0.000238,0.002560,0.002599,0.003156,0.003257,0.003257,0.000101,31439975,30703.101,29.983,1,0
20260426T222240Z,2026-04-26T22:22:41Z,HTTP/2,2,100kb.bin,30,200,102400,0.000179,0.000231,0.002477,0.002510,0.002853,0.002981,0.002981,0.000128,34350888,33545.789,32.760,1,0
20260426T222240Z,2026-04-26T22:22:41Z,HTTP/2,2,100kb.bin,31,200,102400,0.000172,0.000220,0.002447,0.002481,0.002789,0.002917,0.002917,0.000128,35104559,34281.796,33.478,1,0
20260426T222240Z,2026-04-26T22:22:41Z,HTTP/2,2,100kb.bin,32,200,102400,0.000183,0.000231,0.002455,0.002491,0.002843,0.002958,0.002958,0.000115,34617985,33806.626,33.014,1,0
20260426T222240Z,2026-04-26T22:22:41Z,HTTP/2,2,100kb.bin,33,200,102400,0.000179,0.000226,0.002504,0.002539,0.002901,0.003017,0.003017,0.000116,33941000,33145.508,32.369,1,0
20260426T222240Z,2026-04-26T22:22:41Z,HTTP/2,2,100kb.bin,34,200,102400,0.000170,0.000214,0.002448,0.002481,0.002829,0.002973,0.002973,0.000144,34443323,33636.058,32.848,1,0
20260426T222240Z,2026-04-26T22:22:41Z,HTTP/2,2,100kb.bin,35,200,102400,0.000165,0.000209,0.002451,0.002484,0.002789,0.002907,0.002907,0.000118,35225318,34399.725,33.593,1,0
20260426T222240Z,2026-04-26T22:22:41Z,HTTP/2,2,100kb.bin,36,200,102400,0.000200,0.000242,0.002594,0.002628,0.003230,0.003388,0.003388,0.000158,30224321,29515.938,28.824,1,0
20260426T222240Z,2026-04-26T22:22:41Z,HTTP/2,2,100kb.bin,37,200,102400,0.000175,0.000222,0.002442,0.002481,0.002821,0.002924,0.002924,0.000103,35020519,34199.726,33.398,1,0
20260426T222240Z,2026-04-26T22:22:41Z,HTTP/2,2,100kb.bin,38,200,102400,0.000229,0.000268,0.002414,0.002444,0.002731,0.002874,0.002874,0.000143,35629784,34794.711,33.979,1,0
20260426T222240Z,2026-04-26T22:22:41Z,HTTP/2,2,100kb.bin,39,200,102400,0.000160,0.000204,0.002341,0.002372,0.002620,0.002719,0.002719,0.000099,37660904,36778.227,35.916,1,0
20260426T222240Z,2026-04-26T22:22:41Z,HTTP/2,2,100kb.bin,40,200,102400,0.000190,0.000231,0.002417,0.002446,0.002728,0.002878,0.002878,0.000150,35580264,34746.352,33.932,1,0
20260426T222240Z,2026-04-26T22:22:41Z,HTTP/1.1,1.1,1mb.bin,1,200,1048576,0.000169,0.000207,0.002309,0.002322,0.002548,0.003272,0.003272,0.000724,320469437,312958.435,305.623,1,0
20260426T222240Z,2026-04-26T22:22:41Z,HTTP/1.1,1.1,1mb.bin,2,200,1048576,0.000164,0.000202,0.002377,0.002391,0.002632,0.003211,0.003211,0.000579,326557458,318903.768,311.429,1,0
20260426T222240Z,2026-04-26T22:22:41Z,HTTP/1.1,1.1,1mb.bin,3,200,1048576,0.000163,0.000204,0.002286,0.002299,0.002543,0.003150,0.003150,0.000607,332881269,325079.364,317.460,1,0
20260426T222240Z,2026-04-26T22:22:41Z,HTTP/1.1,1.1,1mb.bin,4,200,1048576,0.000165,0.000204,0.002376,0.002390,0.002655,0.003244,0.003244,0.000589,323235511,315659.679,308.261,1,0
20260426T222240Z,2026-04-26T22:22:41Z,HTTP/1.1,1.1,1mb.bin,5,200,1048576,0.000154,0.000190,0.002381,0.002395,0.002669,0.003212,0.003212,0.000543,326455790,318804.482,311.333,1,0
20260426T222240Z,2026-04-26T22:22:41Z,HTTP/1.1,1.1,1mb.bin,6,200,1048576,0.000154,0.000190,0.002396,0.002410,0.002642,0.003224,0.003224,0.000582,325240694,317617.865,310.174,1,0
20260426T222240Z,2026-04-26T22:22:41Z,HTTP/1.1,1.1,1mb.bin,7,200,1048576,0.000170,0.000210,0.002341,0.002354,0.002590,0.003172,0.003172,0.000582,330572509,322824.716,315.259,1,0
20260426T222240Z,2026-04-26T22:22:41Z,HTTP/1.1,1.1,1mb.bin,8,200,1048576,0.000162,0.000205,0.002347,0.002359,0.002622,0.003239,0.003239,0.000617,323734485,316146.958,308.737,1,0
20260426T222240Z,2026-04-26T22:22:41Z,HTTP/1.1,1.1,1mb.bin,9,200,1048576,0.000186,0.000225,0.002330,0.002342,0.002612,0.003268,0.003268,0.000656,320861689,313341.493,305.998,1,0
20260426T222240Z,2026-04-26T22:22:41Z,HTTP/1.1,1.1,1mb.bin,10,200,1048576,0.000157,0.000195,0.002361,0.002375,0.002674,0.003279,0.003279,0.000605,319785300,312290.332,304.971,1,0
20260426T222240Z,2026-04-26T22:22:41Z,HTTP/1.1,1.1,1mb.bin,11,200,1048576,0.000167,0.000206,0.002303,0.002316,0.002556,0.003166,0.003166,0.000610,331198989,323436.513,315.856,1,0
20260426T222240Z,2026-04-26T22:22:41Z,HTTP/1.1,1.1,1mb.bin,12,200,1048576,0.000172,0.000209,0.002390,0.002406,0.002657,0.003257,0.003257,0.000600,321945348,314399.754,307.031,1,0
20260426T222240Z,2026-04-26T22:22:41Z,HTTP/1.1,1.1,1mb.bin,13,200,1048576,0.000169,0.000206,0.002376,0.002388,0.002677,0.003374,0.003374,0.000697,310781268,303497.332,296.384,1,0
20260426T222240Z,2026-04-26T22:22:41Z,HTTP/1.1,1.1,1mb.bin,14,200,1048576,0.000158,0.000194,0.002565,0.002578,0.002876,0.003571,0.003571,0.000695,293636516,286754.410,280.034,1,0
20260426T222240Z,2026-04-26T22:22:41Z,HTTP/1.1,1.1,1mb.bin,15,200,1048576,0.000172,0.000212,0.002324,0.002336,0.002581,0.003329,0.003329,0.000748,314982276,307599.879,300.391,1,0
20260426T222240Z,2026-04-26T22:22:41Z,HTTP/1.1,1.1,1mb.bin,16,200,1048576,0.000150,0.000185,0.002305,0.002318,0.002541,0.003110,0.003110,0.000569,337162700,329260.449,321.543,1,0
20260426T222240Z,2026-04-26T22:22:41Z,HTTP/1.1,1.1,1mb.bin,17,200,1048576,0.000178,0.000218,0.002334,0.002346,0.002575,0.003206,0.003206,0.000631,327066749,319401.122,311.915,1,0
20260426T222240Z,2026-04-26T22:22:41Z,HTTP/1.1,1.1,1mb.bin,18,200,1048576,0.000176,0.000216,0.002369,0.002385,0.002648,0.003267,0.003267,0.000619,320959902,313437.404,306.091,1,0
20260426T222240Z,2026-04-26T22:22:41Z,HTTP/1.1,1.1,1mb.bin,19,200,1048576,0.000152,0.000196,0.002331,0.002345,0.002639,0.003263,0.003263,0.000624,321353355,313821.636,306.466,1,0
20260426T222240Z,2026-04-26T22:22:41Z,HTTP/1.1,1.1,1mb.bin,20,200,1048576,0.000147,0.000182,0.002317,0.002334,0.002619,0.003217,0.003217,0.000598,325948399,318308.983,310.849,1,0
20260426T222240Z,2026-04-26T22:22:41Z,HTTP/1.1,1.1,1mb.bin,21,200,1048576,0.000196,0.000237,0.002431,0.002445,0.002751,0.003314,0.003314,0.000563,316407966,308992.154,301.750,1,0
20260426T222240Z,2026-04-26T22:22:41Z,HTTP/1.1,1.1,1mb.bin,22,200,1048576,0.000158,0.000197,0.002358,0.002371,0.002593,0.003242,0.003242,0.000649,323434916,315854.410,308.452,1,0
20260426T222240Z,2026-04-26T22:22:41Z,HTTP/1.1,1.1,1mb.bin,23,200,1048576,0.000166,0.000204,0.002346,0.002359,0.002588,0.003179,0.003179,0.000591,329844605,322113.872,314.564,1,0
20260426T222240Z,2026-04-26T22:22:41Z,HTTP/1.1,1.1,1mb.bin,24,200,1048576,0.000166,0.000206,0.002317,0.002329,0.002554,0.003340,0.003340,0.000786,313944910,306586.826,299.401,1,0
20260426T222240Z,2026-04-26T22:22:41Z,HTTP/1.1,1.1,1mb.bin,25,200,1048576,0.000167,0.000209,0.002360,0.002376,0.002607,0.003224,0.003224,0.000617,325240694,317617.865,310.174,1,0
20260426T222240Z,2026-04-26T22:22:41Z,HTTP/1.1,1.1,1mb.bin,26,200,1048576,0.000147,0.000187,0.002272,0.002284,0.002573,0.003179,0.003179,0.000606,329844605,322113.872,314.564,1,0
20260426T222240Z,2026-04-26T22:22:41Z,HTTP/1.1,1.1,1mb.bin,27,200,1048576,0.000166,0.000201,0.002336,0.002348,0.002699,0.003251,0.003251,0.000552,322539526,314980.006,307.598,1,0
20260426T222240Z,2026-04-26T22:22:41Z,HTTP/1.1,1.1,1mb.bin,28,200,1048576,0.000178,0.000217,0.002359,0.002372,0.002645,0.003269,0.003269,0.000624,320763536,313245.641,305.904,1,0
20260426T222240Z,2026-04-26T22:22:41Z,HTTP/1.1,1.1,1mb.bin,29,200,1048576,0.000172,0.000210,0.002334,0.002347,0.002617,0.003233,0.003233,0.000616,324335292,316733.684,309.310,1,0
20260426T222240Z,2026-04-26T22:22:41Z,HTTP/1.1,1.1,1mb.bin,30,200,1048576,0.000161,0.000204,0.002403,0.002418,0.002676,0.003273,0.003273,0.000597,320371524,312862.816,305.530,1,0
20260426T222240Z,2026-04-26T22:22:41Z,HTTP/1.1,1.1,1mb.bin,31,200,1048576,0.000177,0.000216,0.002348,0.002360,0.002604,0.003203,0.003203,0.000599,327373087,319700.280,312.207,1,0
20260426T222240Z,2026-04-26T22:22:41Z,HTTP/1.1,1.1,1mb.bin,32,200,1048576,0.000170,0.000206,0.002381,0.002394,0.002637,0.003209,0.003209,0.000572,326760984,319102.523,311.624,1,0
20260426T222240Z,2026-04-26T22:22:41Z,HTTP/1.1,1.1,1mb.bin,33,200,1048576,0.000144,0.000178,0.002360,0.002373,0.002634,0.003249,0.003249,0.000615,322738073,315173.899,307.787,1,0
20260426T222240Z,2026-04-26T22:22:41Z,HTTP/1.1,1.1,1mb.bin,34,200,1048576,0.000179,0.000218,0.002348,0.002361,0.002597,0.003146,0.003146,0.000549,333304513,325492.688,317.864,1,0
20260426T222240Z,2026-04-26T22:22:41Z,HTTP/1.1,1.1,1mb.bin,35,200,1048576,0.000158,0.000195,0.002328,0.002341,0.002582,0.003177,0.003177,0.000595,330052250,322316.650,314.762,1,0
20260426T222240Z,2026-04-26T22:22:41Z,HTTP/1.1,1.1,1mb.bin,36,200,1048576,0.000147,0.000189,0.002317,0.002330,0.002570,0.003206,0.003206,0.000636,327066749,319401.122,311.915,1,0
20260426T222240Z,2026-04-26T22:22:41Z,HTTP/1.1,1.1,1mb.bin,37,200,1048576,0.000170,0.000209,0.002336,0.002352,0.002587,0.003196,0.003196,0.000609,328090112,320400.500,312.891,1,0
20260426T222240Z,2026-04-26T22:22:41Z,HTTP/1.1,1.1,1mb.bin,38,200,1048576,0.000159,0.000197,0.002324,0.002338,0.002612,0.003209,0.003209,0.000597,326760984,319102.523,311.624,1,0
20260426T222240Z,2026-04-26T22:22:41Z,HTTP/1.1,1.1,1mb.bin,39,200,1048576,0.000175,0.000213,0.002308,0.002328,0.002572,0.003166,0.003166,0.000594,331198989,323436.513,315.856,1,0
20260426T222240Z,2026-04-26T22:22:41Z,HTTP/1.1,1.1,1mb.bin,40,200,1048576,0.000157,0.000193,0.002325,0.002338,0.002565,0.003196,0.003196,0.000631,328090112,320400.500,312.891,1,0
20260426T222240Z,2026-04-26T22:22:41Z,HTTP/2,2,1mb.bin,1,200,1048576,0.000158,0.000193,0.002291,0.002324,0.002686,0.005214,0.005214,0.002528,201107786,196394.322,191.791,1,0
20260426T222240Z,2026-04-26T22:22:41Z,HTTP/2,2,1mb.bin,2,200,1048576,0.000168,0.000209,0.002399,0.002431,0.002752,0.003974,0.003974,0.001222,263859084,257674.887,251.636,1,0
20260426T222240Z,2026-04-26T22:22:41Z,HTTP/2,2,1mb.bin,3,200,1048576,0.000163,0.000204,0.002398,0.002431,0.002796,0.003599,0.003599,0.000803,291352042,284523.479,277.855,1,0
20260426T222240Z,2026-04-26T22:22:41Z,HTTP/2,2,1mb.bin,4,200,1048576,0.000157,0.000195,0.002372,0.002406,0.002774,0.003769,0.003769,0.000995,278210665,271690.103,265.322,1,0
20260426T222240Z,2026-04-26T22:22:41Z,HTTP/2,2,1mb.bin,5,200,1048576,0.000165,0.000201,0.002347,0.002378,0.002676,0.003724,0.003724,0.001048,281572502,274973.146,268.528,1,0
20260426T222240Z,2026-04-26T22:22:41Z,HTTP/2,2,1mb.bin,6,200,1048576,0.000168,0.000207,0.002365,0.002394,0.002746,0.003564,0.003564,0.000818,294213243,287317.620,280.584,1,0
20260426T222240Z,2026-04-26T22:22:41Z,HTTP/2,2,1mb.bin,7,200,1048576,0.000148,0.000184,0.002357,0.002387,0.002652,0.003606,0.003606,0.000954,290786466,283971.158,277.316,1,0
20260426T222240Z,2026-04-26T22:22:41Z,HTTP/2,2,1mb.bin,8,200,1048576,0.000159,0.000195,0.002337,0.002367,0.002701,0.003966,0.003966,0.001265,264391326,258194.654,252.143,1,0
20260426T222240Z,2026-04-26T22:22:41Z,HTTP/2,2,1mb.bin,9,200,1048576,0.000195,0.000235,0.002369,0.002402,0.002708,0.003642,0.003642,0.000934,287912136,281164.195,274.574,1,0
20260426T222240Z,2026-04-26T22:22:41Z,HTTP/2,2,1mb.bin,10,200,1048576,0.000159,0.000198,0.002352,0.002381,0.002713,0.003588,0.003588,0.000875,292245261,285395.763,278.707,1,0
20260426T222240Z,2026-04-26T22:22:41Z,HTTP/2,2,1mb.bin,11,200,1048576,0.000209,0.000264,0.002685,0.002734,0.003404,0.004809,0.004809,0.001405,218044499,212934.081,207.943,1,0
20260426T222240Z,2026-04-26T22:22:41Z,HTTP/2,2,1mb.bin,12,200,1048576,0.000170,0.000223,0.002479,0.002516,0.002887,0.004089,0.004089,0.001202,256438248,250427.977,244.559,1,0
20260426T222240Z,2026-04-26T22:22:41Z,HTTP/2,2,1mb.bin,13,200,1048576,0.000180,0.000241,0.002486,0.002522,0.002877,0.003897,0.003897,0.001020,269072619,262766.229,256.608,1,0
20260426T222240Z,2026-04-26T22:22:41Z,HTTP/2,2,1mb.bin,14,200,1048576,0.000161,0.000202,0.002381,0.002413,0.002732,0.003998,0.003998,0.001266,262275137,256128.063,250.125,1,0
20260426T222240Z,2026-04-26T22:22:41Z,HTTP/2,2,1mb.bin,15,200,1048576,0.000182,0.000225,0.002383,0.002413,0.002722,0.003573,0.003573,0.000851,293472152,286593.898,279.877,1,0
20260426T222240Z,2026-04-26T22:22:41Z,HTTP/2,2,1mb.bin,16,200,1048576,0.000167,0.000207,0.002380,0.002411,0.002734,0.003590,0.003590,0.000856,292082451,285236.769,278.552,1,0
20260426T222240Z,2026-04-26T22:22:41Z,HTTP/2,2,1mb.bin,17,200,1048576,0.000156,0.000197,0.002319,0.002348,0.002680,0.003684,0.003684,0.001004,284629750,277958.740,271.444,1,0
20260426T222240Z,2026-04-26T22:22:41Z,HTTP/2,2,1mb.bin,18,200,1048576,0.000171,0.000209,0.002362,0.002396,0.002741,0.003853,0.003853,0.001112,272145341,265766.935,259.538,1,0
20260426T222240Z,2026-04-26T22:22:41Z,HTTP/2,2,1mb.bin,19,200,1048576,0.000245,0.000284,0.002455,0.002486,0.002797,0.003693,0.003693,0.000896,283936095,277281.343,270.783,1,0
20260426T222240Z,2026-04-26T22:22:41Z,HTTP/2,2,1mb.bin,20,200,1048576,0.000166,0.000210,0.002413,0.002444,0.002796,0.003769,0.003769,0.000973,278210665,271690.103,265.322,1,0
20260426T222240Z,2026-04-26T22:22:41Z,HTTP/2,2,1mb.bin,21,200,1048576,0.000176,0.000215,0.002366,0.002396,0.002683,0.003665,0.003665,0.000982,286105320,279399.727,272.851,1,0
20260426T222240Z,2026-04-26T22:22:41Z,HTTP/2,2,1mb.bin,22,200,1048576,0.000177,0.000217,0.002420,0.002451,0.002821,0.003843,0.003843,0.001022,272853499,266458.495,260.213,1,0
20260426T222240Z,2026-04-26T22:22:41Z,HTTP/2,2,1mb.bin,23,200,1048576,0.000159,0.000199,0.002363,0.002393,0.002700,0.003638,0.003638,0.000938,288228697,281473.337,274.876,1,0
20260426T222240Z,2026-04-26T22:22:42Z,HTTP/2,2,1mb.bin,24,200,1048576,0.000163,0.000207,0.002354,0.002386,0.002738,0.003704,0.003704,0.000966,283092872,276457.883,269.978,1,0
20260426T222240Z,2026-04-26T22:22:42Z,HTTP/2,2,1mb.bin,25,200,1048576,0.000145,0.000183,0.002342,0.002372,0.002682,0.003809,0.003809,0.001127,275289052,268836.965,262.536,1,0
20260426T222240Z,2026-04-26T22:22:42Z,HTTP/2,2,1mb.bin,26,200,1048576,0.000192,0.000239,0.002529,0.002566,0.002910,0.003808,0.003808,0.000898,275361344,268907.562,262.605,1,0
20260426T222240Z,2026-04-26T22:22:42Z,HTTP/2,2,1mb.bin,27,200,1048576,0.000188,0.000231,0.002425,0.002457,0.002797,0.003602,0.003602,0.000805,291109383,284286.507,277.624,1,0
20260426T222240Z,2026-04-26T22:22:42Z,HTTP/2,2,1mb.bin,28,200,1048576,0.000175,0.000217,0.002401,0.002441,0.002746,0.003960,0.003960,0.001214,264791919,258585.858,252.525,1,0
20260426T222240Z,2026-04-26T22:22:42Z,HTTP/2,2,1mb.bin,29,200,1048576,0.000165,0.000203,0.002795,0.002834,0.003193,0.004278,0.004278,0.001085,245108929,239364.188,233.754,1,0
20260426T222240Z,2026-04-26T22:22:42Z,HTTP/2,2,1mb.bin,30,200,1048576,0.000176,0.000222,0.002401,0.002431,0.002737,0.004041,0.004041,0.001304,259484286,253402.623,247.463,1,0
20260426T222240Z,2026-04-26T22:22:42Z,HTTP/2,2,1mb.bin,31,200,1048576,0.000172,0.000212,0.002371,0.002405,0.002723,0.003622,0.003622,0.000899,289501932,282716.730,276.091,1,0
20260426T222240Z,2026-04-26T22:22:42Z,HTTP/2,2,1mb.bin,32,200,1048576,0.000276,0.000318,0.002586,0.002620,0.002941,0.003876,0.003876,0.000935,270530443,264189.886,257.998,1,0
20260426T222240Z,2026-04-26T22:22:42Z,HTTP/2,2,1mb.bin,33,200,1048576,0.000184,0.000228,0.002374,0.002404,0.002760,0.003914,0.003914,0.001154,267903934,261624.936,255.493,1,0
20260426T222240Z,2026-04-26T22:22:42Z,HTTP/2,2,1mb.bin,34,200,1048576,0.000190,0.000230,0.002372,0.002401,0.002716,0.003989,0.003989,0.001273,262866883,256705.940,250.689,1,0
20260426T222240Z,2026-04-26T22:22:42Z,HTTP/2,2,1mb.bin,35,200,1048576,0.000165,0.000210,0.002335,0.002365,0.002668,0.003738,0.003738,0.001070,280517924,273943.285,267.523,1,0
20260426T222240Z,2026-04-26T22:22:42Z,HTTP/2,2,1mb.bin,36,200,1048576,0.000187,0.000227,0.002429,0.002462,0.002813,0.003867,0.003867,0.001054,271160072,264804.758,258.598,1,0
20260426T222240Z,2026-04-26T22:22:42Z,HTTP/2,2,1mb.bin,37,200,1048576,0.000169,0.000206,0.002373,0.002405,0.002729,0.003642,0.003642,0.000913,287912136,281164.195,274.574,1,0
20260426T222240Z,2026-04-26T22:22:42Z,HTTP/2,2,1mb.bin,38,200,1048576,0.000176,0.000215,0.002348,0.002378,0.002682,0.003533,0.003533,0.000851,296794791,289838.663,283.046,1,0
20260426T222240Z,2026-04-26T22:22:42Z,HTTP/2,2,1mb.bin,39,200,1048576,0.000159,0.000199,0.002374,0.002405,0.002716,0.003845,0.003845,0.001129,272711573,266319.896,260.078,1,0
20260426T222240Z,2026-04-26T22:22:42Z,HTTP/2,2,1mb.bin,40,200,1048576,0.000163,0.000202,0.002341,0.002372,0.002717,0.003667,0.003667,0.000950,285949277,279247.341,272.702,1,0
20260426T222240Z,2026-04-26T22:22:42Z,HTTP/1.1,1.1,5mb.bin,1,200,5242880,0.000162,0.000200,0.002376,0.002389,0.002637,0.005731,0.005731,0.003094,914828127,893386.843,872.448,1,0
20260426T222240Z,2026-04-26T22:22:42Z,HTTP/1.1,1.1,5mb.bin,2,200,5242880,0.000167,0.000206,0.002362,0.002375,0.002776,0.005691,0.005691,0.002915,921258126,899666.139,878.580,1,0
20260426T222240Z,2026-04-26T22:22:42Z,HTTP/1.1,1.1,5mb.bin,3,200,5242880,0.000198,0.000239,0.002472,0.002487,0.002844,0.005746,0.005746,0.002902,912439958,891054.646,870.171,1,0
20260426T222240Z,2026-04-26T22:22:42Z,HTTP/1.1,1.1,5mb.bin,4,200,5242880,0.000168,0.000253,0.002501,0.002516,0.002874,0.005782,0.005782,0.002908,906758906,885506.744,864.753,1,0
20260426T222240Z,2026-04-26T22:22:42Z,HTTP/1.1,1.1,5mb.bin,5,200,5242880,0.000163,0.000204,0.002420,0.002435,0.002800,0.005720,0.005720,0.002920,916587412,895104.895,874.126,1,0
20260426T222240Z,2026-04-26T22:22:42Z,HTTP/1.1,1.1,5mb.bin,6,200,5242880,0.000166,0.000206,0.002367,0.002383,0.002801,0.005682,0.005682,0.002881,922717353,901091.165,879.972,1,0
20260426T222240Z,2026-04-26T22:22:42Z,HTTP/1.1,1.1,5mb.bin,7,200,5242880,0.000220,0.000261,0.002452,0.002466,0.002819,0.005727,0.005727,0.002908,915467085,894010.825,873.057,1,0
20260426T222240Z,2026-04-26T22:22:42Z,HTTP/1.1,1.1,5mb.bin,8,200,5242880,0.000184,0.000223,0.002433,0.002446,0.002839,0.005761,0.005761,0.002922,910064224,888734.594,867.905,1,0
20260426T222240Z,2026-04-26T22:22:42Z,HTTP/1.1,1.1,5mb.bin,9,200,5242880,0.000179,0.000218,0.002385,0.002398,0.002784,0.005765,0.005765,0.002981,909432784,888117.953,867.303,1,0
20260426T222240Z,2026-04-26T22:22:42Z,HTTP/1.1,1.1,5mb.bin,10,200,5242880,0.000187,0.000228,0.002438,0.002452,0.002795,0.005578,0.005578,0.002783,939921118,917891.717,896.379,1,0
20260426T222240Z,2026-04-26T22:22:42Z,HTTP/1.1,1.1,5mb.bin,11,200,5242880,0.000167,0.000206,0.002346,0.002359,0.002748,0.005727,0.005727,0.002979,915467085,894010.825,873.057,1,0
20260426T222240Z,2026-04-26T22:22:42Z,HTTP/1.1,1.1,5mb.bin,12,200,5242880,0.000162,0.000201,0.002400,0.002414,0.002757,0.005685,0.005685,0.002928,922230430,900615.654,879.507,1,0
20260426T222240Z,2026-04-26T22:22:42Z,HTTP/1.1,1.1,5mb.bin,13,200,5242880,0.000184,0.000225,0.002407,0.002421,0.002723,0.005599,0.005599,0.002876,936395784,914449.008,893.017,1,0
20260426T222240Z,2026-04-26T22:22:42Z,HTTP/1.1,1.1,5mb.bin,14,200,5242880,0.000201,0.000244,0.002401,0.002415,0.002776,0.005587,0.005587,0.002811,938407016,916413.102,894.935,1,0
20260426T222240Z,2026-04-26T22:22:42Z,HTTP/1.1,1.1,5mb.bin,15,200,5242880,0.000164,0.000203,0.002341,0.002354,0.002671,0.005686,0.005686,0.003015,922068237,900457.263,879.353,1,0
20260426T222240Z,2026-04-26T22:22:42Z,HTTP/1.1,1.1,5mb.bin,16,200,5242880,0.000170,0.000212,0.002343,0.002357,0.002705,0.005623,0.005623,0.002918,932399075,910545.972,889.205,1,0
20260426T222240Z,2026-04-26T22:22:42Z,HTTP/1.1,1.1,5mb.bin,17,200,5242880,0.000184,0.000225,0.002411,0.002425,0.002764,0.005563,0.005563,0.002799,942455509,920366.708,898.796,1,0
20260426T222240Z,2026-04-26T22:22:42Z,HTTP/1.1,1.1,5mb.bin,18,200,5242880,0.000177,0.000217,0.002371,0.002384,0.002769,0.005583,0.005583,0.002814,939079348,917069.676,895.576,1,0
20260426T222240Z,2026-04-26T22:22:42Z,HTTP/1.1,1.1,5mb.bin,19,200,5242880,0.000171,0.000212,0.002381,0.002394,0.002725,0.006119,0.006119,0.003394,856819741,836738.028,817.127,1,0
20260426T222240Z,2026-04-26T22:22:42Z,HTTP/1.1,1.1,5mb.bin,20,200,5242880,0.000175,0.000219,0.002646,0.002663,0.003024,0.006054,0.006054,0.003030,866019160,845721.836,825.900,1,0
20260426T222240Z,2026-04-26T22:22:42Z,HTTP/1.1,1.1,5mb.bin,21,200,5242880,0.000202,0.000243,0.002420,0.002435,0.002782,0.005780,0.005780,0.002998,907072664,885813.148,865.052,1,0
20260426T222240Z,2026-04-26T22:22:42Z,HTTP/1.1,1.1,5mb.bin,22,200,5242880,0.000170,0.000223,0.002403,0.002420,0.002775,0.005981,0.005981,0.003206,876589199,856044.140,835.981,1,0
20260426T222240Z,2026-04-26T22:22:42Z,HTTP/1.1,1.1,5mb.bin,23,200,5242880,0.000166,0.000204,0.002363,0.002377,0.002864,0.005777,0.005777,0.002913,907543707,886273.151,865.501,1,0
20260426T222240Z,2026-04-26T22:22:42Z,HTTP/1.1,1.1,5mb.bin,24,200,5242880,0.000235,0.000274,0.002425,0.002441,0.002792,0.005564,0.005564,0.002772,942286125,920201.294,898.634,1,0
20260426T222240Z,2026-04-26T22:22:42Z,HTTP/1.1,1.1,5mb.bin,25,200,5242880,0.000162,0.000203,0.002351,0.002365,0.002694,0.005658,0.005658,0.002964,926631318,904913.396,883.704,1,0
20260426T222240Z,2026-04-26T22:22:42Z,HTTP/1.1,1.1,5mb.bin,26,200,5242880,0.000196,0.000238,0.002400,0.002414,0.002755,0.005662,0.005662,0.002907,925976686,904274.107,883.080,1,0
20260426T222240Z,2026-04-26T22:22:42Z,HTTP/1.1,1.1,5mb.bin,27,200,5242880,0.000161,0.000203,0.002362,0.002377,0.002724,0.005758,0.005758,0.003034,910538381,889197.638,868.357,1,0
20260426T222240Z,2026-04-26T22:22:42Z,HTTP/1.1,1.1,5mb.bin,28,200,5242880,0.000198,0.000242,0.003396,0.003417,0.003876,0.006765,0.006765,0.002889,775000739,756836.659,739.098,1,0
20260426T222240Z,2026-04-26T22:22:42Z,HTTP/1.1,1.1,5mb.bin,29,200,5242880,0.000168,0.000209,0.002397,0.002411,0.002795,0.005711,0.005711,0.002916,918031868,896515.496,875.503,1,0
20260426T222240Z,2026-04-26T22:22:42Z,HTTP/1.1,1.1,5mb.bin,30,200,5242880,0.000238,0.000283,0.002487,0.002501,0.002823,0.005580,0.005580,0.002757,939584229,917562.724,896.057,1,0
20260426T222240Z,2026-04-26T22:22:42Z,HTTP/1.1,1.1,5mb.bin,31,200,5242880,0.000174,0.000215,0.002403,0.002417,0.002800,0.005703,0.005703,0.002903,919319656,897773.102,876.732,1,0
20260426T222240Z,2026-04-26T22:22:42Z,HTTP/1.1,1.1,5mb.bin,32,200,5242880,0.000165,0.000203,0.002416,0.002431,0.002754,0.005574,0.005574,0.002820,940595622,918550.412,897.022,1,0
20260426T222240Z,2026-04-26T22:22:42Z,HTTP/1.1,1.1,5mb.bin,33,200,5242880,0.000167,0.000202,0.002326,0.002340,0.002724,0.005612,0.005612,0.002888,934226657,912330.720,890.948,1,0
20260426T222240Z,2026-04-26T22:22:42Z,HTTP/1.1,1.1,5mb.bin,34,200,5242880,0.000171,0.000210,0.002371,0.002383,0.002704,0.005616,0.005616,0.002912,933561253,911680.911,890.313,1,0
20260426T222240Z,2026-04-26T22:22:42Z,HTTP/1.1,1.1,5mb.bin,35,200,5242880,0.000176,0.000219,0.002401,0.002414,0.002814,0.005611,0.005611,0.002797,934393156,912493.316,891.107,1,0
20260426T222240Z,2026-04-26T22:22:42Z,HTTP/1.1,1.1,5mb.bin,36,200,5242880,0.000199,0.000242,0.002410,0.002423,0.002788,0.005637,0.005637,0.002849,930083377,908284.548,886.997,1,0
20260426T222240Z,2026-04-26T22:22:42Z,HTTP/1.1,1.1,5mb.bin,37,200,5242880,0.000162,0.000207,0.002379,0.002394,0.002799,0.005713,0.005713,0.002914,917710484,896201.645,875.197,1,0
20260426T222240Z,2026-04-26T22:22:42Z,HTTP/1.1,1.1,5mb.bin,38,200,5242880,0.000168,0.000214,0.002411,0.002426,0.002926,0.005755,0.005755,0.002829,911013032,889661.164,868.810,1,0
20260426T222240Z,2026-04-26T22:22:42Z,HTTP/1.1,1.1,5mb.bin,39,200,5242880,0.000181,0.000223,0.002543,0.002558,0.002910,0.005821,0.005821,0.002911,900683731,879573.956,858.959,1,0
20260426T222240Z,2026-04-26T22:22:42Z,HTTP/1.1,1.1,5mb.bin,40,200,5242880,0.000170,0.000210,0.002383,0.002398,0.002672,0.005606,0.005606,0.002934,935226542,913307.170,891.902,1,0
20260426T222240Z,2026-04-26T22:22:42Z,HTTP/2,2,5mb.bin,1,200,5242880,0.000171,0.000212,0.002341,0.002374,0.002828,0.007787,0.007787,0.004959,673286246,657506.100,642.096,1,0
20260426T222240Z,2026-04-26T22:22:42Z,HTTP/2,2,5mb.bin,2,200,5242880,0.000290,0.000329,0.002466,0.002497,0.002936,0.007919,0.007919,0.004983,662063391,646546.280,631.393,1,0
20260426T222240Z,2026-04-26T22:22:42Z,HTTP/2,2,5mb.bin,3,200,5242880,0.000165,0.000207,0.002367,0.002400,0.002789,0.008626,0.008626,0.005837,607799675,593554.370,579.643,1,0
20260426T222240Z,2026-04-26T22:22:42Z,HTTP/2,2,5mb.bin,4,200,5242880,0.000165,0.000205,0.002377,0.002408,0.002847,0.007835,0.007835,0.004988,669161455,653477.983,638.162,1,0
20260426T222240Z,2026-04-26T22:22:42Z,HTTP/2,2,5mb.bin,5,200,5242880,0.000168,0.000212,0.002386,0.002421,0.002829,0.008776,0.008776,0.005947,597411121,583409.298,569.736,1,0
20260426T222240Z,2026-04-26T22:22:42Z,HTTP/2,2,5mb.bin,6,200,5242880,0.000170,0.000217,0.002363,0.002399,0.002785,0.008792,0.008792,0.006007,596323930,582347.588,568.699,1,0
20260426T222240Z,2026-04-26T22:22:42Z,HTTP/2,2,5mb.bin,7,200,5242880,0.000169,0.000208,0.002422,0.002455,0.002882,0.008686,0.008686,0.005804,603601197,589454.294,575.639,1,0
20260426T222240Z,2026-04-26T22:22:42Z,HTTP/2,2,5mb.bin,8,200,5242880,0.000169,0.000212,0.002402,0.002435,0.002807,0.008561,0.008561,0.005754,612414437,598060.974,584.044,1,0
20260426T222240Z,2026-04-26T22:22:42Z,HTTP/2,2,5mb.bin,9,200,5242880,0.000163,0.000205,0.002363,0.002395,0.002793,0.009009,0.009009,0.006216,581960261,568320.567,555.001,1,0
20260426T222240Z,2026-04-26T22:22:42Z,HTTP/2,2,5mb.bin,10,200,5242880,0.000173,0.000216,0.002390,0.002421,0.002835,0.008322,0.008322,0.005487,630002403,615236.722,600.817,1,0
20260426T222240Z,2026-04-26T22:22:42Z,HTTP/2,2,5mb.bin,11,200,5242880,0.000187,0.000226,0.002347,0.002379,0.002762,0.007044,0.007044,0.004282,744304372,726859.738,709.824,1,0
20260426T222240Z,2026-04-26T22:22:42Z,HTTP/2,2,5mb.bin,12,200,5242880,0.000190,0.000234,0.002442,0.002475,0.002910,0.007581,0.007581,0.004671,691581585,675372.642,659.544,1,0
20260426T222240Z,2026-04-26T22:22:43Z,HTTP/2,2,5mb.bin,13,200,5242880,0.000161,0.000207,0.002400,0.002432,0.002843,0.008742,0.008742,0.005899,599734614,585678.334,571.951,1,0
20260426T222240Z,2026-04-26T22:22:43Z,HTTP/2,2,5mb.bin,14,200,5242880,0.000180,0.000259,0.002486,0.002518,0.002954,0.008574,0.008574,0.005620,611485887,597154.187,583.158,1,0
20260426T222240Z,2026-04-26T22:22:43Z,HTTP/2,2,5mb.bin,15,200,5242880,0.000170,0.000211,0.002494,0.002529,0.002973,0.007636,0.007636,0.004663,686600314,670508.119,654.793,1,0
20260426T222240Z,2026-04-26T22:22:43Z,HTTP/2,2,5mb.bin,16,200,5242880,0.000168,0.000223,0.002422,0.002458,0.002877,0.009096,0.009096,0.006219,576394019,562884.784,549.692,1,0
20260426T222240Z,2026-04-26T22:22:43Z,HTTP/2,2,5mb.bin,17,200,5242880,0.000188,0.000240,0.002383,0.002416,0.002822,0.008342,0.008342,0.005520,628491968,613761.688,599.377,1,0
20260426T222240Z,2026-04-26T22:22:43Z,HTTP/2,2,5mb.bin,18,200,5242880,0.000168,0.000210,0.002376,0.002408,0.002791,0.007975,0.007975,0.005184,657414420,642006.270,626.959,1,0
20260426T222240Z,2026-04-26T22:22:43Z,HTTP/2,2,5mb.bin,19,200,5242880,0.000272,0.000312,0.002477,0.002513,0.002916,0.007074,0.007074,0.004158,741147865,723777.212,706.814,1,0
20260426T222240Z,2026-04-26T22:22:43Z,HTTP/2,2,5mb.bin,20,200,5242880,0.000177,0.000218,0.002389,0.002427,0.002880,0.008848,0.008848,0.005968,592549728,578661.844,565.099,1,0
20260426T222240Z,2026-04-26T22:22:43Z,HTTP/2,2,5mb.bin,21,200,5242880,0.000178,0.000221,0.002353,0.002385,0.002802,0.007633,0.007633,0.004831,686870169,670771.649,655.050,1,0
20260426T222240Z,2026-04-26T22:22:43Z,HTTP/2,2,5mb.bin,22,200,5242880,0.000176,0.000239,0.002386,0.002424,0.002805,0.008349,0.008349,0.005544,627965025,613247.095,598.874,1,0
20260426T222240Z,2026-04-26T22:22:43Z,HTTP/2,2,5mb.bin,23,200,5242880,0.000191,0.000232,0.002414,0.002445,0.002937,0.007027,0.007027,0.004090,746105023,728618.187,711.541,1,0
20260426T222240Z,2026-04-26T22:22:43Z,HTTP/2,2,5mb.bin,24,200,5242880,0.000191,0.000235,0.002379,0.002411,0.002823,0.008649,0.008649,0.005826,606183373,591975.950,578.102,1,0
20260426T222240Z,2026-04-26T22:22:43Z,HTTP/2,2,5mb.bin,25,200,5242880,0.000182,0.000226,0.002397,0.002428,0.002881,0.008075,0.008075,0.005194,649273065,634055.728,619.195,1,0
20260426T222240Z,2026-04-26T22:22:43Z,HTTP/2,2,5mb.bin,26,200,5242880,0.000186,0.000229,0.002348,0.002379,0.002787,0.008865,0.008865,0.006078,591413423,577552.171,564.016,1,0
20260426T222240Z,2026-04-26T22:22:43Z,HTTP/2,2,5mb.bin,27,200,5242880,0.000167,0.000209,0.002467,0.002499,0.002918,0.007088,0.007088,0.004170,739683972,722347.629,705.418,1,0
20260426T222240Z,2026-04-26T22:22:43Z,HTTP/2,2,5mb.bin,28,200,5242880,0.000170,0.000210,0.002368,0.002399,0.002778,0.006946,0.006946,0.004168,754805643,737114.886,719.839,1,0
20260426T222240Z,2026-04-26T22:22:43Z,HTTP/2,2,5mb.bin,29,200,5242880,0.000213,0.000262,0.002454,0.002484,0.002894,0.008316,0.008316,0.005422,630456950,615680.615,601.251,1,0
20260426T222240Z,2026-04-26T22:22:43Z,HTTP/2,2,5mb.bin,30,200,5242880,0.000202,0.000250,0.002442,0.002473,0.002873,0.008598,0.008598,0.005725,609779018,595487.322,581.531,1,0
20260426T222240Z,2026-04-26T22:22:43Z,HTTP/2,2,5mb.bin,31,200,5242880,0.000223,0.000277,0.002437,0.002468,0.002893,0.007874,0.007874,0.004981,665847091,650241.300,635.001,1,0
20260426T222240Z,2026-04-26T22:22:43Z,HTTP/2,2,5mb.bin,32,200,5242880,0.000167,0.000213,0.002388,0.002420,0.002826,0.006788,0.006788,0.003962,772374779,754272.245,736.594,1,0
20260426T222240Z,2026-04-26T22:22:43Z,HTTP/2,2,5mb.bin,33,200,5242880,0.000163,0.000205,0.002406,0.002436,0.002907,0.007862,0.007862,0.004955,666863393,651233.782,635.970,1,0
20260426T222240Z,2026-04-26T22:22:43Z,HTTP/2,2,5mb.bin,34,200,5242880,0.000183,0.000227,0.002403,0.002433,0.002826,0.008460,0.008460,0.005634,619725768,605200.945,591.017,1,0
20260426T222240Z,2026-04-26T22:22:43Z,HTTP/2,2,5mb.bin,35,200,5242880,0.000171,0.000212,0.002371,0.002402,0.002866,0.007263,0.007263,0.004397,721861489,704942.860,688.421,1,0
20260426T222240Z,2026-04-26T22:22:43Z,HTTP/2,2,5mb.bin,36,200,5242880,0.000165,0.000213,0.002405,0.002436,0.002927,0.008830,0.008830,0.005903,593757644,579841.449,566.251,1,0
20260426T222240Z,2026-04-26T22:22:43Z,HTTP/2,2,5mb.bin,37,200,5242880,0.000173,0.000216,0.002401,0.002433,0.002815,0.008941,0.008941,0.006126,586386310,572642.881,559.222,1,0
20260426T222240Z,2026-04-26T22:22:43Z,HTTP/2,2,5mb.bin,38,200,5242880,0.000259,0.000300,0.002493,0.002524,0.002929,0.009110,0.009110,0.006181,575508232,562019.758,548.847,1,0
20260426T222240Z,2026-04-26T22:22:43Z,HTTP/2,2,5mb.bin,39,200,5242880,0.000178,0.000222,0.003021,0.003053,0.003491,0.009824,0.009824,0.006333,533680781,521172.638,508.958,1,0
20260426T222240Z,2026-04-26T22:22:43Z,HTTP/2,2,5mb.bin,40,200,5242880,0.000192,0.000233,0.002420,0.002451,0.002869,0.007248,0.007248,0.004379,723355408,706401.766,689.845,1,0
20260426T222240Z,2026-04-26T22:22:43Z,HTTP/1.1,1.1,small_page.bin,1,200,481280,0.000170,0.000213,0.002398,0.002413,0.002637,0.002934,0.002934,0.000297,164035446,160190.865,156.436,1,0
20260426T222240Z,2026-04-26T22:22:43Z,HTTP/1.1,1.1,small_page.bin,2,200,481280,0.000162,0.000201,0.002366,0.002379,0.002644,0.002933,0.002933,0.000289,164091374,160245.482,156.490,1,0
20260426T222240Z,2026-04-26T22:22:43Z,HTTP/1.1,1.1,small_page.bin,3,200,481280,0.000149,0.000184,0.002356,0.002369,0.002601,0.002896,0.002896,0.000295,166187845,162292.817,158.489,1,0
20260426T222240Z,2026-04-26T22:22:43Z,HTTP/1.1,1.1,small_page.bin,4,200,481280,0.000175,0.000213,0.002375,0.002388,0.002634,0.002926,0.002926,0.000292,164483937,160628.845,156.864,1,0
20260426T222240Z,2026-04-26T22:22:43Z,HTTP/1.1,1.1,small_page.bin,5,200,481280,0.000155,0.000193,0.002352,0.002364,0.002601,0.002846,0.002846,0.000245,169107519,165144.062,161.273,1,0
20260426T222240Z,2026-04-26T22:22:43Z,HTTP/1.1,1.1,small_page.bin,6,200,481280,0.000141,0.000199,0.002340,0.002353,0.002594,0.002879,0.002879,0.000285,167169155,163251.128,159.425,1,0
20260426T222240Z,2026-04-26T22:22:43Z,HTTP/1.1,1.1,small_page.bin,7,200,481280,0.000166,0.000206,0.002361,0.002375,0.002602,0.002916,0.002916,0.000314,165048010,161179.697,157.402,1,0
20260426T222240Z,2026-04-26T22:22:43Z,HTTP/1.1,1.1,small_page.bin,8,200,481280,0.000174,0.000212,0.002369,0.002382,0.002618,0.002903,0.002903,0.000285,165787116,161901.480,158.107,1,0
20260426T222240Z,2026-04-26T22:22:43Z,HTTP/1.1,1.1,small_page.bin,9,200,481280,0.000175,0.000217,0.002418,0.002431,0.002669,0.003064,0.003064,0.000395,157075718,153394.256,149.799,1,0
20260426T222240Z,2026-04-26T22:22:43Z,HTTP/1.1,1.1,small_page.bin,10,200,481280,0.000153,0.000190,0.002376,0.002388,0.002934,0.003233,0.003233,0.000299,148864831,145375.812,141.969,1,0
20260426T222240Z,2026-04-26T22:22:43Z,HTTP/1.1,1.1,small_page.bin,11,200,481280,0.000171,0.000202,0.002349,0.002360,0.002600,0.002852,0.002852,0.000252,168751753,164796.634,160.934,1,0
20260426T222240Z,2026-04-26T22:22:43Z,HTTP/1.1,1.1,small_page.bin,12,200,481280,0.000200,0.000236,0.002417,0.002431,0.002658,0.002929,0.002929,0.000271,164315466,160464.322,156.703,1,0
20260426T222240Z,2026-04-26T22:22:43Z,HTTP/1.1,1.1,small_page.bin,13,200,481280,0.000144,0.000177,0.002356,0.002370,0.002696,0.002982,0.002982,0.000286,161395036,157612.340,153.918,1,0
20260426T222240Z,2026-04-26T22:22:43Z,HTTP/1.1,1.1,small_page.bin,14,200,481280,0.000159,0.000193,0.002315,0.002327,0.002563,0.002807,0.002807,0.000244,171457071,167438.546,163.514,1,0
20260426T222240Z,2026-04-26T22:22:43Z,HTTP/1.1,1.1,small_page.bin,15,200,481280,0.000160,0.000203,0.002385,0.002400,0.002656,0.002934,0.002934,0.000278,164035446,160190.865,156.436,1,0
20260426T222240Z,2026-04-26T22:22:43Z,HTTP/1.1,1.1,small_page.bin,16,200,481280,0.000172,0.000210,0.002382,0.002396,0.002645,0.002953,0.002953,0.000308,162980020,159160.176,155.430,1,0
20260426T222240Z,2026-04-26T22:22:43Z,HTTP/1.1,1.1,small_page.bin,17,200,481280,0.000168,0.000209,0.002334,0.002346,0.002587,0.002930,0.002930,0.000343,164259385,160409.556,156.650,1,0
20260426T222240Z,2026-04-26T22:22:43Z,HTTP/1.1,1.1,small_page.bin,18,200,481280,0.000167,0.000204,0.002359,0.002371,0.002591,0.002892,0.002892,0.000301,166417704,162517.289,158.708,1,0
20260426T222240Z,2026-04-26T22:22:43Z,HTTP/1.1,1.1,small_page.bin,19,200,481280,0.000154,0.000200,0.002321,0.002333,0.002574,0.002868,0.002868,0.000294,167810320,163877.266,160.036,1,0
20260426T222240Z,2026-04-26T22:22:43Z,HTTP/1.1,1.1,small_page.bin,20,200,481280,0.000169,0.000203,0.002373,0.002386,0.002595,0.002863,0.002863,0.000268,168103388,164163.465,160.316,1,0
20260426T222240Z,2026-04-26T22:22:43Z,HTTP/1.1,1.1,small_page.bin,21,200,481280,0.000146,0.000182,0.002354,0.002370,0.002646,0.002951,0.002951,0.000305,163090477,159268.044,155.535,1,0
20260426T222240Z,2026-04-26T22:22:43Z,HTTP/1.1,1.1,small_page.bin,22,200,481280,0.000160,0.000198,0.002362,0.002381,0.002647,0.002935,0.002935,0.000288,163979557,160136.286,156.383,1,0
20260426T222240Z,2026-04-26T22:22:43Z,HTTP/1.1,1.1,small_page.bin,23,200,481280,0.000170,0.000204,0.002331,0.002347,0.002585,0.002862,0.002862,0.000277,168162124,164220.824,160.372,1,0
20260426T222240Z,2026-04-26T22:22:43Z,HTTP/1.1,1.1,small_page.bin,24,200,481280,0.000148,0.000182,0.002323,0.002336,0.002565,0.002832,0.002832,0.000267,169943502,165960.451,162.071,1,0
20260426T222240Z,2026-04-26T22:22:43Z,HTTP/1.1,1.1,small_page.bin,25,200,481280,0.000167,0.000205,0.002347,0.002360,0.002585,0.002878,0.002878,0.000293,167227241,163307.853,159.480,1,0
20260426T222240Z,2026-04-26T22:22:43Z,HTTP/1.1,1.1,small_page.bin,26,200,481280,0.000161,0.000198,0.002366,0.002380,0.002616,0.002940,0.002940,0.000324,163700680,159863.945,156.117,1,0
20260426T222240Z,2026-04-26T22:22:43Z,HTTP/1.1,1.1,small_page.bin,27,200,481280,0.000167,0.000205,0.002367,0.002380,0.002587,0.002844,0.002844,0.000257,169226441,165260.196,161.387,1,0
20260426T222240Z,2026-04-26T22:22:43Z,HTTP/1.1,1.1,small_page.bin,28,200,481280,0.000166,0.000206,0.002375,0.002388,0.002625,0.002902,0.002902,0.000277,165844245,161957.271,158.161,1,0
20260426T222240Z,2026-04-26T22:22:43Z,HTTP/1.1,1.1,small_page.bin,29,200,481280,0.000151,0.000185,0.002340,0.002354,0.002574,0.002859,0.002859,0.000285,168338579,164393.144,160.540,1,0
20260426T222240Z,2026-04-26T22:22:43Z,HTTP/1.1,1.1,small_page.bin,30,200,481280,0.000152,0.000188,0.002358,0.002374,0.002603,0.002865,0.002865,0.000262,167986038,164048.865,160.204,1,0
20260426T222240Z,2026-04-26T22:22:43Z,HTTP/1.1,1.1,small_page.bin,31,200,481280,0.000177,0.000220,0.002390,0.002402,0.002661,0.002969,0.002969,0.000308,162101717,158302.458,154.592,1,0
20260426T222240Z,2026-04-26T22:22:43Z,HTTP/1.1,1.1,small_page.bin,32,200,481280,0.000153,0.000190,0.002362,0.002374,0.002594,0.002837,0.002837,0.000243,169643990,165667.959,161.785,1,0
20260426T222240Z,2026-04-26T22:22:43Z,HTTP/1.1,1.1,small_page.bin,33,200,481280,0.000165,0.000202,0.002345,0.002357,0.002586,0.002885,0.002885,0.000299,166821490,162911.611,159.093,1,0
20260426T222240Z,2026-04-26T22:22:43Z,HTTP/1.1,1.1,small_page.bin,34,200,481280,0.000152,0.000189,0.002335,0.002347,0.002602,0.002873,0.002873,0.000271,167518273,163592.063,159.758,1,0
20260426T222240Z,2026-04-26T22:22:43Z,HTTP/1.1,1.1,small_page.bin,35,200,481280,0.000157,0.000192,0.002410,0.002424,0.002650,0.002925,0.002925,0.000275,164540170,160683.760,156.918,1,0
20260426T222240Z,2026-04-26T22:22:43Z,HTTP/1.1,1.1,small_page.bin,36,200,481280,0.000144,0.000178,0.002373,0.002387,0.002651,0.002936,0.002936,0.000285,163923705,160081.743,156.330,1,0
20260426T222240Z,2026-04-26T22:22:43Z,HTTP/1.1,1.1,small_page.bin,37,200,481280,0.000149,0.000185,0.002325,0.002339,0.002566,0.002823,0.002823,0.000257,170485299,166489.550,162.587,1,0
20260426T222240Z,2026-04-26T22:22:43Z,HTTP/1.1,1.1,small_page.bin,38,200,481280,0.000150,0.000182,0.002369,0.002383,0.002660,0.002947,0.002947,0.000287,163311842,159484.221,155.746,1,0
20260426T222240Z,2026-04-26T22:22:43Z,HTTP/1.1,1.1,small_page.bin,39,200,481280,0.000211,0.000253,0.002360,0.002373,0.002599,0.002892,0.002892,0.000293,166417704,162517.289,158.708,1,0
20260426T222240Z,2026-04-26T22:22:43Z,HTTP/1.1,1.1,small_page.bin,40,200,481280,0.000140,0.000173,0.002310,0.002326,0.002550,0.002811,0.002811,0.000261,171213091,167200.284,163.282,1,0
20260426T222240Z,2026-04-26T22:22:43Z,HTTP/2,2,small_page.bin,1,200,481280,0.000220,0.000256,0.002435,0.002470,0.002796,0.003323,0.003323,0.000527,144832982,141438.459,138.123,1,0
20260426T222240Z,2026-04-26T22:22:43Z,HTTP/2,2,small_page.bin,2,200,481280,0.000184,0.000227,0.002378,0.002409,0.002718,0.003212,0.003212,0.000494,149838107,146326.276,142.897,1,0
20260426T222240Z,2026-04-26T22:22:43Z,HTTP/2,2,small_page.bin,3,200,481280,0.000156,0.000192,0.002395,0.002430,0.002745,0.003158,0.003158,0.000413,152400253,148828.372,145.340,1,0
20260426T222240Z,2026-04-26T22:22:43Z,HTTP/2,2,small_page.bin,4,200,481280,0.000177,0.000230,0.002881,0.002920,0.003287,0.003870,0.003870,0.000583,124361757,121447.028,118.601,1,0
20260426T222240Z,2026-04-26T22:22:43Z,HTTP/2,2,small_page.bin,5,200,481280,0.000210,0.000261,0.002615,0.002652,0.003090,0.003660,0.003660,0.000570,131497267,128415.300,125.406,1,0
20260426T222240Z,2026-04-26T22:22:43Z,HTTP/2,2,small_page.bin,6,200,481280,0.000186,0.000236,0.002454,0.002486,0.002832,0.003258,0.003258,0.000426,147722529,144260.282,140.879,1,0
20260426T222240Z,2026-04-26T22:22:44Z,HTTP/2,2,small_page.bin,7,200,481280,0.000199,0.000241,0.002579,0.002613,0.002963,0.003427,0.003427,0.000464,140437700,137146.191,133.932,1,0
20260426T222240Z,2026-04-26T22:22:44Z,HTTP/2,2,small_page.bin,8,200,481280,0.000171,0.000211,0.002427,0.002459,0.002773,0.003296,0.003296,0.000523,146019417,142597.087,139.255,1,0
20260426T222240Z,2026-04-26T22:22:44Z,HTTP/2,2,small_page.bin,9,200,481280,0.000166,0.000214,0.002449,0.002481,0.002834,0.003269,0.003269,0.000435,147225451,143774.854,140.405,1,0
20260426T222240Z,2026-04-26T22:22:44Z,HTTP/2,2,small_page.bin,10,200,481280,0.000171,0.000218,0.002432,0.002465,0.002793,0.003458,0.003458,0.000665,139178716,135916.715,132.731,1,0
20260426T222240Z,2026-04-26T22:22:44Z,HTTP/2,2,small_page.bin,11,200,481280,0.000219,0.000260,0.002597,0.002630,0.002964,0.003657,0.003657,0.000693,131605140,128520.645,125.508,1,0
20260426T222240Z,2026-04-26T22:22:44Z,HTTP/2,2,small_page.bin,12,200,481280,0.000169,0.000213,0.002421,0.002453,0.002777,0.003261,0.003261,0.000484,147586629,144127.567,140.750,1,0
20260426T222240Z,2026-04-26T22:22:44Z,HTTP/2,2,small_page.bin,13,200,481280,0.000153,0.000191,0.002354,0.002384,0.002684,0.003313,0.003313,0.000629,145270147,141865.378,138.540,1,0
20260426T222240Z,2026-04-26T22:22:44Z,HTTP/2,2,small_page.bin,14,200,481280,0.000155,0.000194,0.002351,0.002381,0.002687,0.003232,0.003232,0.000545,148910891,145420.792,142.012,1,0
20260426T222240Z,2026-04-26T22:22:44Z,HTTP/2,2,small_page.bin,15,200,481280,0.000157,0.000199,0.002359,0.002388,0.002701,0.003167,0.003167,0.000466,151967161,148405.431,144.927,1,0
20260426T222240Z,2026-04-26T22:22:44Z,HTTP/2,2,small_page.bin,16,200,481280,0.000152,0.000187,0.002377,0.002407,0.002719,0.003101,0.003101,0.000382,155201547,151564.011,148.012,1,0
20260426T222240Z,2026-04-26T22:22:44Z,HTTP/2,2,small_page.bin,17,200,481280,0.000174,0.000213,0.002385,0.002414,0.002752,0.003185,0.003185,0.000433,151108320,147566.719,144.108,1,0
20260426T222240Z,2026-04-26T22:22:44Z,HTTP/2,2,small_page.bin,18,200,481280,0.000166,0.000205,0.002413,0.002443,0.002757,0.003238,0.003238,0.000481,148634959,145151.327,141.749,1,0
20260426T222240Z,2026-04-26T22:22:44Z,HTTP/2,2,small_page.bin,19,200,481280,0.000158,0.000198,0.002393,0.002426,0.002731,0.003328,0.003328,0.000597,144615384,141225.961,137.916,1,0
20260426T222240Z,2026-04-26T22:22:44Z,HTTP/2,2,small_page.bin,20,200,481280,0.000177,0.000219,0.002385,0.002414,0.002708,0.003190,0.003190,0.000482,150871473,147335.423,143.882,1,0
20260426T222240Z,2026-04-26T22:22:44Z,HTTP/2,2,small_page.bin,21,200,481280,0.000168,0.000207,0.002379,0.002411,0.002713,0.003268,0.003268,0.000555,147270501,143818.849,140.448,1,0
20260426T222240Z,2026-04-26T22:22:44Z,HTTP/2,2,small_page.bin,22,200,481280,0.000158,0.000194,0.002426,0.002459,0.002733,0.003172,0.003172,0.000439,151727616,148171.500,144.699,1,0
20260426T222240Z,2026-04-26T22:22:44Z,HTTP/2,2,small_page.bin,23,200,481280,0.000168,0.000207,0.002349,0.002379,0.002706,0.003147,0.003147,0.000441,152932952,149348.586,145.848,1,0
20260426T222240Z,2026-04-26T22:22:44Z,HTTP/2,2,small_page.bin,24,200,481280,0.000210,0.000265,0.002683,0.002721,0.003257,0.003908,0.003908,0.000651,123152507,120266.120,117.447,1,0
20260426T222240Z,2026-04-26T22:22:44Z,HTTP/2,2,small_page.bin,25,200,481280,0.000223,0.000269,0.002489,0.002523,0.002901,0.003298,0.003298,0.000397,145930867,142510.612,139.171,1,0
20260426T222240Z,2026-04-26T22:22:44Z,HTTP/2,2,small_page.bin,26,200,481280,0.000170,0.000209,0.002436,0.002469,0.002813,0.003273,0.003273,0.000460,147045523,143599.144,140.234,1,0
20260426T222240Z,2026-04-26T22:22:44Z,HTTP/2,2,small_page.bin,27,200,481280,0.000156,0.000196,0.002436,0.002467,0.002779,0.003336,0.003336,0.000557,144268585,140887.290,137.585,1,0
20260426T222240Z,2026-04-26T22:22:44Z,HTTP/2,2,small_page.bin,28,200,481280,0.000177,0.000215,0.002390,0.002418,0.002717,0.003302,0.003302,0.000585,145754088,142337.977,139.002,1,0
20260426T222240Z,2026-04-26T22:22:44Z,HTTP/2,2,small_page.bin,29,200,481280,0.000169,0.000208,0.002383,0.002414,0.002717,0.003169,0.003169,0.000452,151871252,148311.770,144.836,1,0
20260426T222240Z,2026-04-26T22:22:44Z,HTTP/2,2,small_page.bin,30,200,481280,0.000163,0.000203,0.002359,0.002389,0.002689,0.003139,0.003139,0.000450,153322714,149729.213,146.220,1,0
20260426T222240Z,2026-04-26T22:22:44Z,HTTP/2,2,small_page.bin,31,200,481280,0.000152,0.000185,0.002351,0.002387,0.002872,0.004805,0.004805,0.001933,100162330,97814.775,95.522,1,0
20260426T222240Z,2026-04-26T22:22:44Z,HTTP/2,2,small_page.bin,32,200,481280,0.000172,0.000212,0.002422,0.002454,0.002769,0.003249,0.003249,0.000480,148131732,144659.895,141.269,1,0
20260426T222240Z,2026-04-26T22:22:44Z,HTTP/2,2,small_page.bin,33,200,481280,0.000178,0.000217,0.002437,0.002467,0.002734,0.003165,0.003165,0.000431,152063191,148499.210,145.019,1,0
20260426T222240Z,2026-04-26T22:22:44Z,HTTP/2,2,small_page.bin,34,200,481280,0.000161,0.000198,0.002356,0.002388,0.002690,0.003109,0.003109,0.000419,154802187,151174.011,147.631,1,0
20260426T222240Z,2026-04-26T22:22:44Z,HTTP/2,2,small_page.bin,35,200,481280,0.000174,0.000213,0.002413,0.002443,0.002767,0.003279,0.003279,0.000512,146776456,143336.383,139.977,1,0
20260426T222240Z,2026-04-26T22:22:44Z,HTTP/2,2,small_page.bin,36,200,481280,0.000151,0.000185,0.002364,0.002394,0.002737,0.003264,0.003264,0.000527,147450980,143995.098,140.620,1,0
20260426T222240Z,2026-04-26T22:22:44Z,HTTP/2,2,small_page.bin,37,200,481280,0.000186,0.000226,0.002377,0.002406,0.002698,0.003137,0.003137,0.000439,153420465,149824.673,146.313,1,0
20260426T222240Z,2026-04-26T22:22:44Z,HTTP/2,2,small_page.bin,38,200,481280,0.000190,0.000225,0.002404,0.002434,0.002724,0.003284,0.003284,0.000560,146552984,143118.148,139.764,1,0
20260426T222240Z,2026-04-26T22:22:44Z,HTTP/2,2,small_page.bin,39,200,481280,0.000173,0.000214,0.002402,0.002434,0.002745,0.003197,0.003197,0.000452,150541132,147012.824,143.567,1,0
20260426T222240Z,2026-04-26T22:22:44Z,HTTP/2,2,small_page.bin,40,200,481280,0.000159,0.000196,0.005055,0.005125,0.006225,0.007119,0.007119,0.000894,67605000,66020.508,64.473,1,0
20260426T222240Z,2026-04-26T22:22:44Z,HTTP/1.1,1.1,medium_page.bin,1,200,1576960,0.000183,0.000232,0.002532,0.002549,0.002831,0.003754,0.003754,0.000923,420074587,410229.089,400.614,1,0
20260426T222240Z,2026-04-26T22:22:44Z,HTTP/1.1,1.1,medium_page.bin,2,200,1576960,0.000195,0.000235,0.002666,0.002681,0.002994,0.003998,0.003998,0.001004,394437218,385192.596,376.165,1,0
20260426T222240Z,2026-04-26T22:22:44Z,HTTP/1.1,1.1,medium_page.bin,3,200,1576960,0.000187,0.000233,0.002455,0.002470,0.002752,0.003684,0.003684,0.000932,428056460,418023.887,408.226,1,0
20260426T222240Z,2026-04-26T22:22:44Z,HTTP/1.1,1.1,medium_page.bin,4,200,1576960,0.000176,0.000223,0.002506,0.002520,0.002811,0.003728,0.003728,0.000917,423004291,413090.128,403.408,1,0
20260426T222240Z,2026-04-26T22:22:44Z,HTTP/1.1,1.1,medium_page.bin,5,200,1576960,0.000187,0.000233,0.002428,0.002441,0.002740,0.003780,0.003780,0.001040,417185185,407407.407,397.859,1,0
20260426T222240Z,2026-04-26T22:22:44Z,HTTP/1.1,1.1,medium_page.bin,6,200,1576960,0.000175,0.000216,0.002368,0.002381,0.002671,0.003574,0.003574,0.000903,441231113,430889.759,420.791,1,0
20260426T222240Z,2026-04-26T22:22:44Z,HTTP/1.1,1.1,medium_page.bin,7,200,1576960,0.000157,0.000194,0.002365,0.002381,0.002669,0.003567,0.003567,0.000898,442097000,431735.352,421.617,1,0
20260426T222240Z,2026-04-26T22:22:44Z,HTTP/1.1,1.1,medium_page.bin,8,200,1576960,0.000177,0.000212,0.002427,0.002449,0.002728,0.003630,0.003630,0.000902,434424242,424242.424,414.299,1,0
20260426T222240Z,2026-04-26T22:22:44Z,HTTP/1.1,1.1,medium_page.bin,9,200,1576960,0.000169,0.000215,0.002441,0.002457,0.002737,0.003660,0.003660,0.000923,430863387,420765.026,410.903,1,0
20260426T222240Z,2026-04-26T22:22:44Z,HTTP/1.1,1.1,medium_page.bin,10,200,1576960,0.000150,0.000192,0.002365,0.002380,0.002632,0.003570,0.003570,0.000938,441725490,431372.549,421.262,1,0
20260426T222240Z,2026-04-26T22:22:44Z,HTTP/1.1,1.1,medium_page.bin,11,200,1576960,0.000166,0.000206,0.002380,0.002394,0.002659,0.003613,0.003613,0.000954,436468308,426238.582,416.249,1,0
20260426T222240Z,2026-04-26T22:22:44Z,HTTP/1.1,1.1,medium_page.bin,12,200,1576960,0.000158,0.000194,0.002391,0.002404,0.002653,0.003609,0.003609,0.000956,436952064,426711.000,416.710,1,0
20260426T222240Z,2026-04-26T22:22:44Z,HTTP/1.1,1.1,medium_page.bin,13,200,1576960,0.000164,0.000202,0.002379,0.002393,0.002640,0.003591,0.003591,0.000951,439142300,428849.902,418.799,1,0
20260426T222240Z,2026-04-26T22:22:44Z,HTTP/1.1,1.1,medium_page.bin,14,200,1576960,0.000153,0.000191,0.002359,0.002375,0.002641,0.003545,0.003545,0.000904,444840620,434414.668,424.233,1,0
20260426T222240Z,2026-04-26T22:22:44Z,HTTP/1.1,1.1,medium_page.bin,15,200,1576960,0.000161,0.000203,0.002428,0.002445,0.002719,0.003673,0.003673,0.000954,429338415,419275.796,409.449,1,0
20260426T222240Z,2026-04-26T22:22:44Z,HTTP/1.1,1.1,medium_page.bin,16,200,1576960,0.000197,0.000237,0.002404,0.002417,0.002671,0.003549,0.003549,0.000878,444339250,433925.049,423.755,1,0
20260426T222240Z,2026-04-26T22:22:44Z,HTTP/1.1,1.1,medium_page.bin,17,200,1576960,0.000170,0.000214,0.002409,0.002422,0.002651,0.003501,0.003501,0.000850,450431305,439874.321,429.565,1,0
20260426T222240Z,2026-04-26T22:22:44Z,HTTP/1.1,1.1,medium_page.bin,18,200,1576960,0.000167,0.000205,0.002396,0.002413,0.002678,0.003558,0.003558,0.000880,443215289,432827.431,422.683,1,0
20260426T222240Z,2026-04-26T22:22:44Z,HTTP/1.1,1.1,medium_page.bin,19,200,1576960,0.000184,0.000225,0.002434,0.002449,0.002736,0.003721,0.003721,0.000985,423800053,413867.239,404.167,1,0
20260426T222240Z,2026-04-26T22:22:44Z,HTTP/1.1,1.1,medium_page.bin,20,200,1576960,0.000190,0.000229,0.002376,0.002389,0.002688,0.003614,0.003614,0.000926,436347537,426120.642,416.133,1,0
20260426T222240Z,2026-04-26T22:22:44Z,HTTP/1.1,1.1,medium_page.bin,21,200,1576960,0.000168,0.000209,0.002389,0.002401,0.002697,0.003661,0.003661,0.000964,430745697,420650.095,410.791,1,0
20260426T222240Z,2026-04-26T22:22:44Z,HTTP/1.1,1.1,medium_page.bin,22,200,1576960,0.000179,0.000218,0.002391,0.002409,0.002724,0.003624,0.003624,0.000900,435143487,424944.812,414.985,1,0
20260426T222240Z,2026-04-26T22:22:44Z,HTTP/1.1,1.1,medium_page.bin,23,200,1576960,0.000153,0.000191,0.002403,0.002417,0.002687,0.003628,0.003628,0.000941,434663726,424476.295,414.528,1,0
20260426T222240Z,2026-04-26T22:22:44Z,HTTP/1.1,1.1,medium_page.bin,24,200,1576960,0.000198,0.000236,0.002433,0.002446,0.002732,0.003623,0.003623,0.000891,435263593,425062.103,415.100,1,0
20260426T222240Z,2026-04-26T22:22:44Z,HTTP/1.1,1.1,medium_page.bin,25,200,1576960,0.000189,0.000231,0.002399,0.002414,0.002662,0.003592,0.003592,0.000930,439020044,428730.512,418.682,1,0
20260426T222240Z,2026-04-26T22:22:44Z,HTTP/1.1,1.1,medium_page.bin,26,200,1576960,0.000153,0.000192,0.002375,0.002391,0.002680,0.003552,0.003552,0.000872,443963963,433558.558,423.397,1,0
20260426T222240Z,2026-04-26T22:22:44Z,HTTP/1.1,1.1,medium_page.bin,27,200,1576960,0.000161,0.000197,0.002363,0.002377,0.002708,0.003613,0.003613,0.000905,436468308,426238.582,416.249,1,0
20260426T222240Z,2026-04-26T22:22:44Z,HTTP/1.1,1.1,medium_page.bin,28,200,1576960,0.000150,0.000186,0.002361,0.002378,0.002677,0.003573,0.003573,0.000896,441354603,431010.354,420.909,1,0
20260426T222240Z,2026-04-26T22:22:44Z,HTTP/1.1,1.1,medium_page.bin,29,200,1576960,0.000169,0.000216,0.002380,0.002394,0.002643,0.003505,0.003505,0.000862,449917261,439372.325,429.075,1,0
20260426T222240Z,2026-04-26T22:22:44Z,HTTP/1.1,1.1,medium_page.bin,30,200,1576960,0.000167,0.000205,0.002388,0.002404,0.002650,0.003497,0.003497,0.000847,450946525,440377.466,430.056,1,0
20260426T222240Z,2026-04-26T22:22:44Z,HTTP/1.1,1.1,medium_page.bin,31,200,1576960,0.000163,0.000204,0.002422,0.002436,0.002712,0.003612,0.003612,0.000900,436589147,426356.589,416.364,1,0
20260426T222240Z,2026-04-26T22:22:44Z,HTTP/1.1,1.1,medium_page.bin,32,200,1576960,0.000154,0.000191,0.002351,0.002368,0.002684,0.003621,0.003621,0.000937,435504004,425296.879,415.329,1,0
20260426T222240Z,2026-04-26T22:22:44Z,HTTP/1.1,1.1,medium_page.bin,33,200,1576960,0.000186,0.000225,0.002411,0.002427,0.002714,0.003659,0.003659,0.000945,430981142,420880.021,411.016,1,0
20260426T222240Z,2026-04-26T22:22:44Z,HTTP/1.1,1.1,medium_page.bin,34,200,1576960,0.000172,0.000220,0.002409,0.002424,0.002702,0.003619,0.003619,0.000917,435744680,425531.914,415.559,1,0
20260426T222240Z,2026-04-26T22:22:44Z,HTTP/1.1,1.1,medium_page.bin,35,200,1576960,0.000166,0.000205,0.002383,0.002395,0.002644,0.003577,0.003577,0.000933,440861056,430528.375,420.438,1,0
20260426T222240Z,2026-04-26T22:22:44Z,HTTP/1.1,1.1,medium_page.bin,36,200,1576960,0.000261,0.000297,0.002473,0.002486,0.002759,0.003643,0.003643,0.000884,432874004,422728.520,412.821,1,0
20260426T222240Z,2026-04-26T22:22:44Z,HTTP/1.1,1.1,medium_page.bin,37,200,1576960,0.000163,0.000207,0.002390,0.002402,0.003145,0.004198,0.004198,0.001053,375645545,366841.353,358.244,1,0
20260426T222240Z,2026-04-26T22:22:44Z,HTTP/1.1,1.1,medium_page.bin,38,200,1576960,0.000167,0.000206,0.002434,0.002451,0.002795,0.003652,0.003652,0.000857,431807228,421686.746,411.803,1,0
20260426T222240Z,2026-04-26T22:22:44Z,HTTP/1.1,1.1,medium_page.bin,39,200,1576960,0.000161,0.000201,0.002368,0.002381,0.002634,0.003516,0.003516,0.000882,448509670,437997.725,427.732,1,0
20260426T222240Z,2026-04-26T22:22:44Z,HTTP/1.1,1.1,medium_page.bin,40,200,1576960,0.000154,0.000193,0.002359,0.002373,0.002674,0.003600,0.003600,0.000926,438044444,427777.777,417.752,1,0
20260426T222240Z,2026-04-26T22:22:44Z,HTTP/2,2,medium_page.bin,1,200,1576960,0.000169,0.000209,0.002408,0.002442,0.002798,0.004479,0.004479,0.001681,352078588,343826.746,335.768,1,0
20260426T222240Z,2026-04-26T22:22:44Z,HTTP/2,2,medium_page.bin,2,200,1576960,0.000172,0.000212,0.002440,0.002472,0.002818,0.004196,0.004196,0.001378,375824594,367016.205,358.414,1,0
20260426T222240Z,2026-04-26T22:22:44Z,HTTP/2,2,medium_page.bin,3,200,1576960,0.000159,0.000198,0.002377,0.002408,0.002751,0.004571,0.004571,0.001820,344992343,336906.585,329.010,1,0
20260426T222240Z,2026-04-26T22:22:44Z,HTTP/2,2,medium_page.bin,4,200,1576960,0.000172,0.000217,0.002406,0.002437,0.002796,0.004185,0.004185,0.001389,376812425,367980.884,359.356,1,0
20260426T222240Z,2026-04-26T22:22:44Z,HTTP/2,2,medium_page.bin,5,200,1576960,0.000204,0.000283,0.002487,0.002518,0.002850,0.004301,0.004301,0.001451,366649616,358056.266,349.664,1,0
20260426T222240Z,2026-04-26T22:22:44Z,HTTP/2,2,medium_page.bin,6,200,1576960,0.000164,0.000208,0.002400,0.002432,0.002743,0.004494,0.004494,0.001751,350903426,342679.127,334.648,1,0
20260426T222240Z,2026-04-26T22:22:45Z,HTTP/2,2,medium_page.bin,7,200,1576960,0.000179,0.000220,0.002396,0.002426,0.002756,0.004321,0.004321,0.001565,364952557,356398.981,348.046,1,0
20260426T222240Z,2026-04-26T22:22:45Z,HTTP/2,2,medium_page.bin,8,200,1576960,0.000172,0.000212,0.002446,0.002476,0.002803,0.004241,0.004241,0.001438,371836830,363121.904,354.611,1,0
20260426T222240Z,2026-04-26T22:22:45Z,HTTP/2,2,medium_page.bin,9,200,1576960,0.000206,0.000246,0.002403,0.002433,0.002777,0.004375,0.004375,0.001598,360448000,352000.000,343.750,1,0
20260426T222240Z,2026-04-26T22:22:45Z,HTTP/2,2,medium_page.bin,10,200,1576960,0.000182,0.000221,0.002480,0.002510,0.002909,0.004428,0.004428,0.001519,356133694,347786.811,339.636,1,0
20260426T222240Z,2026-04-26T22:22:45Z,HTTP/2,2,medium_page.bin,11,200,1576960,0.000193,0.000231,0.002419,0.002453,0.002784,0.004210,0.004210,0.001426,374574821,365795.724,357.222,1,0
20260426T222240Z,2026-04-26T22:22:45Z,HTTP/2,2,medium_page.bin,12,200,1576960,0.000161,0.000201,0.002347,0.002378,0.002710,0.004065,0.004065,0.001355,387936039,378843.788,369.965,1,0
20260426T222240Z,2026-04-26T22:22:45Z,HTTP/2,2,medium_page.bin,13,200,1576960,0.000189,0.000229,0.002397,0.002428,0.002766,0.004101,0.004101,0.001335,384530602,375518.166,366.717,1,0
20260426T222240Z,2026-04-26T22:22:45Z,HTTP/2,2,medium_page.bin,14,200,1576960,0.000162,0.000202,0.002398,0.002430,0.002755,0.004311,0.004311,0.001556,365799118,357225.701,348.853,1,0
20260426T222240Z,2026-04-26T22:22:45Z,HTTP/2,2,medium_page.bin,15,200,1576960,0.000171,0.000218,0.002444,0.002475,0.002760,0.004029,0.004029,0.001269,391402333,382228.841,373.270,1,0
20260426T222240Z,2026-04-26T22:22:45Z,HTTP/2,2,medium_page.bin,16,200,1576960,0.000156,0.000199,0.002327,0.002357,0.002684,0.004040,0.004040,0.001356,390336633,381188.118,372.254,1,0
20260426T222240Z,2026-04-26T22:22:45Z,HTTP/2,2,medium_page.bin,17,200,1576960,0.000166,0.000207,0.002443,0.002474,0.002810,0.004321,0.004321,0.001511,364952557,356398.981,348.046,1,0
20260426T222240Z,2026-04-26T22:22:45Z,HTTP/2,2,medium_page.bin,18,200,1576960,0.000161,0.000201,0.002392,0.002424,0.002744,0.004135,0.004135,0.001391,381368802,372430.471,363.702,1,0
20260426T222240Z,2026-04-26T22:22:45Z,HTTP/2,2,medium_page.bin,19,200,1576960,0.000172,0.000218,0.002391,0.002422,0.002759,0.004642,0.004642,0.001883,339715639,331753.554,323.978,1,0
20260426T222240Z,2026-04-26T22:22:45Z,HTTP/2,2,medium_page.bin,20,200,1576960,0.000163,0.000202,0.002474,0.002504,0.002790,0.004500,0.004500,0.001710,350435555,342222.222,334.201,1,0
20260426T222240Z,2026-04-26T22:22:45Z,HTTP/2,2,medium_page.bin,21,200,1576960,0.000165,0.000207,0.002384,0.002414,0.002725,0.004262,0.004262,0.001537,370004692,361332.707,352.864,1,0
20260426T222240Z,2026-04-26T22:22:45Z,HTTP/2,2,medium_page.bin,22,200,1576960,0.000179,0.000221,0.002392,0.002423,0.002783,0.004415,0.004415,0.001632,357182332,348810.871,340.636,1,0
20260426T222240Z,2026-04-26T22:22:45Z,HTTP/2,2,medium_page.bin,23,200,1576960,0.000190,0.000237,0.002453,0.002483,0.002840,0.004068,0.004068,0.001228,387649950,378564.404,369.692,1,0
20260426T222240Z,2026-04-26T22:22:45Z,HTTP/2,2,medium_page.bin,24,200,1576960,0.000164,0.000201,0.002836,0.002868,0.003202,0.004624,0.004624,0.001422,341038062,333044.982,325.239,1,0
20260426T222240Z,2026-04-26T22:22:45Z,HTTP/2,2,medium_page.bin,25,200,1576960,0.000195,0.000240,0.002451,0.002484,0.002840,0.004024,0.004024,0.001184,391888667,382703.776,373.734,1,0
20260426T222240Z,2026-04-26T22:22:45Z,HTTP/2,2,medium_page.bin,26,200,1576960,0.000165,0.000203,0.002396,0.002428,0.002734,0.004280,0.004280,0.001546,368448598,359813.084,351.380,1,0
20260426T222240Z,2026-04-26T22:22:45Z,HTTP/2,2,medium_page.bin,27,200,1576960,0.000161,0.000201,0.002375,0.002405,0.002717,0.004034,0.004034,0.001317,390917203,381755.081,372.808,1,0
20260426T222240Z,2026-04-26T22:22:45Z,HTTP/2,2,medium_page.bin,28,200,1576960,0.000166,0.000204,0.002403,0.002432,0.002750,0.004068,0.004068,0.001318,387649950,378564.404,369.692,1,0
20260426T222240Z,2026-04-26T22:22:45Z,HTTP/2,2,medium_page.bin,29,200,1576960,0.000177,0.000219,0.002396,0.002428,0.002753,0.004704,0.004704,0.001951,335238095,327380.952,319.708,1,0
20260426T222240Z,2026-04-26T22:22:45Z,HTTP/2,2,medium_page.bin,30,200,1576960,0.000156,0.000193,0.002343,0.002373,0.002690,0.004667,0.004667,0.001977,337895864,329976.430,322.243,1,0
20260426T222240Z,2026-04-26T22:22:45Z,HTTP/2,2,medium_page.bin,31,200,1576960,0.000168,0.000207,0.002409,0.002444,0.002797,0.004643,0.004643,0.001846,339642472,331682.102,323.908,1,0
20260426T222240Z,2026-04-26T22:22:45Z,HTTP/2,2,medium_page.bin,32,200,1576960,0.000203,0.000244,0.002424,0.002461,0.002778,0.004145,0.004145,0.001367,380448733,371531.966,362.824,1,0
20260426T222240Z,2026-04-26T22:22:45Z,HTTP/2,2,medium_page.bin,33,200,1576960,0.000158,0.000194,0.002363,0.002403,0.002735,0.004168,0.004168,0.001433,378349328,369481.766,360.822,1,0
20260426T222240Z,2026-04-26T22:22:45Z,HTTP/2,2,medium_page.bin,34,200,1576960,0.000154,0.000190,0.002382,0.002411,0.002790,0.004084,0.004084,0.001294,386131243,377081.292,368.243,1,0
20260426T222240Z,2026-04-26T22:22:45Z,HTTP/2,2,medium_page.bin,35,200,1576960,0.000161,0.000205,0.002342,0.002373,0.002707,0.004001,0.004001,0.001294,394141464,384903.773,375.883,1,0
20260426T222240Z,2026-04-26T22:22:45Z,HTTP/2,2,medium_page.bin,36,200,1576960,0.000154,0.000192,0.002377,0.002408,0.002742,0.004148,0.004148,0.001406,380173577,371263.259,362.562,1,0
20260426T222240Z,2026-04-26T22:22:45Z,HTTP/2,2,medium_page.bin,37,200,1576960,0.000164,0.000206,0.002381,0.002411,0.002779,0.004433,0.004433,0.001654,355732009,347394.540,339.252,1,0
20260426T222240Z,2026-04-26T22:22:45Z,HTTP/2,2,medium_page.bin,38,200,1576960,0.000160,0.000196,0.002371,0.002402,0.002718,0.004038,0.004038,0.001320,390529965,381376.919,372.438,1,0
20260426T222240Z,2026-04-26T22:22:45Z,HTTP/2,2,medium_page.bin,39,200,1576960,0.000163,0.000204,0.002374,0.002405,0.002714,0.003983,0.003983,0.001269,395922671,386643.233,377.581,1,0
20260426T222240Z,2026-04-26T22:22:45Z,HTTP/2,2,medium_page.bin,40,200,1576960,0.000170,0.000208,0.002393,0.002423,0.002749,0.004207,0.004207,0.001458,374841930,366056.572,357.477,1,0
20260426T222240Z,2026-04-26T22:22:45Z,HTTP/1.1,1.1,large_page.bin,1,200,2897920,0.000247,0.000286,0.002476,0.002492,0.002730,0.004399,0.004399,0.001669,658767901,643328.028,628.250,1,0
20260426T222240Z,2026-04-26T22:22:45Z,HTTP/1.1,1.1,large_page.bin,2,200,2897920,0.000183,0.000225,0.002491,0.002505,0.002788,0.004394,0.004394,0.001606,659517523,644060.081,628.965,1,0
20260426T222240Z,2026-04-26T22:22:45Z,HTTP/1.1,1.1,large_page.bin,3,200,2897920,0.000164,0.000200,0.002429,0.002443,0.002733,0.004309,0.004309,0.001576,672527268,656764.910,641.372,1,0
20260426T222240Z,2026-04-26T22:22:45Z,HTTP/1.1,1.1,large_page.bin,4,200,2897920,0.000171,0.000212,0.002383,0.002397,0.002671,0.004193,0.004193,0.001522,691132840,674934.414,659.116,1,0
20260426T222240Z,2026-04-26T22:22:45Z,HTTP/1.1,1.1,large_page.bin,5,200,2897920,0.000175,0.000216,0.002404,0.002419,0.002689,0.004262,0.004262,0.001573,679943688,664007.508,648.445,1,0
20260426T222240Z,2026-04-26T22:22:45Z,HTTP/1.1,1.1,large_page.bin,6,200,2897920,0.000156,0.000199,0.002413,0.002427,0.002723,0.004377,0.004377,0.001654,662079049,646561.571,631.408,1,0
20260426T222240Z,2026-04-26T22:22:45Z,HTTP/1.1,1.1,large_page.bin,7,200,2897920,0.000234,0.000274,0.002465,0.002479,0.002762,0.004400,0.004400,0.001638,658618181,643181.817,628.107,1,0
20260426T222240Z,2026-04-26T22:22:45Z,HTTP/1.1,1.1,large_page.bin,8,200,2897920,0.000169,0.000205,0.002368,0.002380,0.002726,0.004357,0.004357,0.001631,665118200,649529.492,634.306,1,0
20260426T222240Z,2026-04-26T22:22:45Z,HTTP/1.1,1.1,large_page.bin,9,200,2897920,0.000191,0.000235,0.002494,0.002509,0.002789,0.004302,0.004302,0.001513,673621571,657833.565,642.416,1,0
20260426T222240Z,2026-04-26T22:22:45Z,HTTP/1.1,1.1,large_page.bin,10,200,2897920,0.000210,0.000255,0.002464,0.002477,0.002747,0.004376,0.004376,0.001629,662230347,646709.323,631.552,1,0
20260426T222240Z,2026-04-26T22:22:45Z,HTTP/1.1,1.1,large_page.bin,11,200,2897920,0.000182,0.000224,0.002515,0.002532,0.002863,0.004455,0.004455,0.001592,650487093,635241.302,620.353,1,0
20260426T222240Z,2026-04-26T22:22:45Z,HTTP/1.1,1.1,large_page.bin,12,200,2897920,0.000180,0.000225,0.002410,0.002425,0.002760,0.004299,0.004299,0.001539,674091649,658292.626,642.864,1,0
20260426T222240Z,2026-04-26T22:22:45Z,HTTP/1.1,1.1,large_page.bin,13,200,2897920,0.000163,0.000204,0.002417,0.002430,0.002730,0.004299,0.004299,0.001569,674091649,658292.626,642.864,1,0
20260426T222240Z,2026-04-26T22:22:45Z,HTTP/1.1,1.1,large_page.bin,14,200,2897920,0.000172,0.000216,0.002405,0.002419,0.002696,0.004315,0.004315,0.001619,671592120,655851.680,640.480,1,0
20260426T222240Z,2026-04-26T22:22:45Z,HTTP/1.1,1.1,large_page.bin,15,200,2897920,0.000176,0.000221,0.002420,0.002436,0.002791,0.004378,0.004378,0.001587,661927820,646413.887,631.264,1,0
20260426T222240Z,2026-04-26T22:22:45Z,HTTP/1.1,1.1,large_page.bin,16,200,2897920,0.000167,0.000202,0.002359,0.002372,0.002715,0.004333,0.004333,0.001618,668802215,653127.163,637.819,1,0
20260426T222240Z,2026-04-26T22:22:45Z,HTTP/1.1,1.1,large_page.bin,17,200,2897920,0.000164,0.000201,0.002370,0.002386,0.002700,0.004335,0.004335,0.001635,668493656,652825.836,637.525,1,0
20260426T222240Z,2026-04-26T22:22:45Z,HTTP/1.1,1.1,large_page.bin,18,200,2897920,0.000159,0.000198,0.002424,0.002438,0.002825,0.004404,0.004404,0.001579,658019981,642597.638,627.537,1,0
20260426T222240Z,2026-04-26T22:22:45Z,HTTP/1.1,1.1,large_page.bin,19,200,2897920,0.000163,0.000202,0.002890,0.002905,0.003180,0.004808,0.004808,0.001628,602728785,588602.329,574.807,1,0
20260426T222240Z,2026-04-26T22:22:45Z,HTTP/1.1,1.1,large_page.bin,20,200,2897920,0.000180,0.000218,0.002425,0.002438,0.002725,0.004340,0.004340,0.001615,667723502,652073.732,636.791,1,0
20260426T222240Z,2026-04-26T22:22:45Z,HTTP/1.1,1.1,large_page.bin,21,200,2897920,0.000154,0.000191,0.002371,0.002384,0.002631,0.004288,0.004288,0.001657,675820895,659981.343,644.513,1,0
20260426T222240Z,2026-04-26T22:22:45Z,HTTP/1.1,1.1,large_page.bin,22,200,2897920,0.000203,0.000247,0.002424,0.002437,0.002741,0.004403,0.004403,0.001662,658169429,642743.583,627.679,1,0
20260426T222240Z,2026-04-26T22:22:45Z,HTTP/1.1,1.1,large_page.bin,23,200,2897920,0.000164,0.000204,0.002403,0.002417,0.002698,0.004282,0.004282,0.001584,676767865,660906.118,645.416,1,0
20260426T222240Z,2026-04-26T22:22:45Z,HTTP/1.1,1.1,large_page.bin,24,200,2897920,0.000168,0.000208,0.002415,0.002429,0.002758,0.004398,0.004398,0.001640,658917689,643474.306,628.393,1,0
20260426T222240Z,2026-04-26T22:22:45Z,HTTP/1.1,1.1,large_page.bin,25,200,2897920,0.000168,0.000217,0.002416,0.002433,0.002759,0.004436,0.004436,0.001677,653273219,637962.128,623.010,1,0
20260426T222240Z,2026-04-26T22:22:45Z,HTTP/1.1,1.1,large_page.bin,26,200,2897920,0.000166,0.000214,0.002397,0.002413,0.002687,0.004315,0.004315,0.001628,671592120,655851.680,640.480,1,0
20260426T222240Z,2026-04-26T22:22:45Z,HTTP/1.1,1.1,large_page.bin,27,200,2897920,0.000173,0.000211,0.002382,0.002396,0.002717,0.004282,0.004282,0.001565,676767865,660906.118,645.416,1,0
20260426T222240Z,2026-04-26T22:22:45Z,HTTP/1.1,1.1,large_page.bin,28,200,2897920,0.000197,0.000235,0.002387,0.002400,0.002641,0.004264,0.004264,0.001623,679624765,663696.060,648.141,1,0
20260426T222240Z,2026-04-26T22:22:45Z,HTTP/1.1,1.1,large_page.bin,29,200,2897920,0.000168,0.000211,0.002414,0.002429,0.002729,0.004438,0.004438,0.001709,652978819,637674.628,622.729,1,0
20260426T222240Z,2026-04-26T22:22:45Z,HTTP/1.1,1.1,large_page.bin,30,200,2897920,0.000196,0.000236,0.002368,0.002382,0.002643,0.004329,0.004329,0.001686,669420189,653730.653,638.409,1,0
20260426T222240Z,2026-04-26T22:22:45Z,HTTP/1.1,1.1,large_page.bin,31,200,2897920,0.000154,0.000197,0.002433,0.002448,0.002725,0.004341,0.004341,0.001616,667569684,651923.520,636.644,1,0
20260426T222240Z,2026-04-26T22:22:45Z,HTTP/1.1,1.1,large_page.bin,32,200,2897920,0.000169,0.000211,0.002374,0.002387,0.002673,0.004249,0.004249,0.001576,682024005,666039.067,650.429,1,0
20260426T222240Z,2026-04-26T22:22:45Z,HTTP/1.1,1.1,large_page.bin,33,200,2897920,0.000231,0.000271,0.002443,0.002459,0.002740,0.004395,0.004395,0.001655,659367463,643913.538,628.822,1,0
20260426T222240Z,2026-04-26T22:22:45Z,HTTP/1.1,1.1,large_page.bin,34,200,2897920,0.000171,0.000218,0.002387,0.002401,0.002677,0.004269,0.004269,0.001592,678828765,662918.716,647.382,1,0
20260426T222240Z,2026-04-26T22:22:45Z,HTTP/1.1,1.1,large_page.bin,35,200,2897920,0.000177,0.000230,0.002402,0.002416,0.002764,0.004485,0.004485,0.001721,646136008,630992.195,616.203,1,0
20260426T222240Z,2026-04-26T22:22:45Z,HTTP/1.1,1.1,large_page.bin,36,200,2897920,0.000156,0.000199,0.002330,0.002343,0.002692,0.004276,0.004276,0.001584,677717492,661833.488,646.322,1,0
20260426T222240Z,2026-04-26T22:22:45Z,HTTP/1.1,1.1,large_page.bin,37,200,2897920,0.000162,0.000200,0.002363,0.002376,0.002620,0.004137,0.004137,0.001517,700488276,684070.582,668.038,1,0
20260426T222240Z,2026-04-26T22:22:45Z,HTTP/1.1,1.1,large_page.bin,38,200,2897920,0.000157,0.000199,0.002376,0.002389,0.002672,0.004193,0.004193,0.001521,691132840,674934.414,659.116,1,0
20260426T222240Z,2026-04-26T22:22:45Z,HTTP/1.1,1.1,large_page.bin,39,200,2897920,0.000179,0.000219,0.002394,0.002407,0.002668,0.004334,0.004334,0.001666,668647900,652976.465,637.672,1,0
20260426T222240Z,2026-04-26T22:22:45Z,HTTP/1.1,1.1,large_page.bin,40,200,2897920,0.000163,0.000202,0.002382,0.002396,0.002697,0.004312,0.004312,0.001615,672059369,656307.978,640.926,1,0
20260426T222240Z,2026-04-26T22:22:45Z,HTTP/2,2,large_page.bin,1,200,2897920,0.000151,0.000187,0.002327,0.002359,0.002742,0.005558,0.005558,0.002816,521396185,509175.962,497.242,1,0
20260426T222240Z,2026-04-26T22:22:45Z,HTTP/2,2,large_page.bin,2,200,2897920,0.000177,0.000232,0.002422,0.002451,0.002798,0.005237,0.005237,0.002439,553354974,540385.717,527.720,1,0
20260426T222240Z,2026-04-26T22:22:45Z,HTTP/2,2,large_page.bin,3,200,2897920,0.000167,0.000211,0.002415,0.002450,0.002824,0.005462,0.005462,0.002638,530560234,518125.229,505.982,1,0
20260426T222240Z,2026-04-26T22:22:46Z,HTTP/2,2,large_page.bin,4,200,2897920,0.000163,0.000204,0.002381,0.002411,0.002756,0.004939,0.004939,0.002183,586742255,572990.483,559.561,1,0
20260426T222240Z,2026-04-26T22:22:46Z,HTTP/2,2,large_page.bin,5,200,2897920,0.000160,0.000195,0.002351,0.002380,0.002846,0.005280,0.005280,0.002434,548848484,535984.848,523.423,1,0
20260426T222240Z,2026-04-26T22:22:46Z,HTTP/2,2,large_page.bin,6,200,2897920,0.000167,0.000294,0.002493,0.002523,0.002844,0.006143,0.006143,0.003299,471743447,460686.960,449.890,1,0
20260426T222240Z,2026-04-26T22:22:46Z,HTTP/2,2,large_page.bin,7,200,2897920,0.000185,0.000226,0.002425,0.002457,0.002869,0.005726,0.005726,0.002857,506098498,494236.814,482.653,1,0
20260426T222240Z,2026-04-26T22:22:46Z,HTTP/2,2,large_page.bin,8,200,2897920,0.000173,0.000214,0.002412,0.002444,0.002811,0.005127,0.005127,0.002316,565227228,551979.715,539.043,1,0
20260426T222240Z,2026-04-26T22:22:46Z,HTTP/2,2,large_page.bin,9,200,2897920,0.000169,0.000214,0.002438,0.002470,0.002824,0.005280,0.005280,0.002456,548848484,535984.848,523.423,1,0
20260426T222240Z,2026-04-26T22:22:46Z,HTTP/2,2,large_page.bin,10,200,2897920,0.000175,0.000221,0.002467,0.002498,0.002865,0.005274,0.005274,0.002409,549472885,536594.614,524.018,1,0
20260426T222240Z,2026-04-26T22:22:46Z,HTTP/2,2,large_page.bin,11,200,2897920,0.000156,0.000262,0.002485,0.002517,0.002876,0.006280,0.006280,0.003404,461452229,450636.942,440.075,1,0
20260426T222240Z,2026-04-26T22:22:46Z,HTTP/2,2,large_page.bin,12,200,2897920,0.000225,0.000264,0.002456,0.002487,0.002860,0.005824,0.005824,0.002964,497582417,485920.329,474.532,1,0
20260426T222240Z,2026-04-26T22:22:46Z,HTTP/2,2,large_page.bin,13,200,2897920,0.000156,0.000196,0.002396,0.002426,0.002881,0.005266,0.005266,0.002385,550307633,537409.798,524.814,1,0
20260426T222240Z,2026-04-26T22:22:46Z,HTTP/2,2,large_page.bin,14,200,2897920,0.000169,0.000211,0.002407,0.002443,0.002819,0.005424,0.005424,0.002605,534277286,521755.162,509.527,1,0
20260426T222240Z,2026-04-26T22:22:46Z,HTTP/2,2,large_page.bin,15,200,2897920,0.000177,0.000220,0.002395,0.002426,0.002765,0.005807,0.005807,0.003042,499039090,487342.861,475.921,1,0
20260426T222240Z,2026-04-26T22:22:46Z,HTTP/2,2,large_page.bin,16,200,2897920,0.000162,0.000208,0.002418,0.002452,0.002931,0.005653,0.005653,0.002722,512633999,500619.140,488.886,1,0
20260426T222240Z,2026-04-26T22:22:46Z,HTTP/2,2,large_page.bin,17,200,2897920,0.000164,0.000210,0.002394,0.002429,0.002855,0.005702,0.005702,0.002847,508228691,496317.081,484.685,1,0
20260426T222240Z,2026-04-26T22:22:46Z,HTTP/2,2,large_page.bin,18,200,2897920,0.000191,0.000233,0.002445,0.002476,0.002868,0.005247,0.005247,0.002379,552300362,539355.822,526.715,1,0
20260426T222240Z,2026-04-26T22:22:46Z,HTTP/2,2,large_page.bin,19,200,2897920,0.000299,0.000337,0.002506,0.002535,0.002886,0.005439,0.005439,0.002553,532803824,520316.234,508.121,1,0
20260426T222240Z,2026-04-26T22:22:46Z,HTTP/2,2,large_page.bin,20,200,2897920,0.000202,0.000312,0.002699,0.002739,0.003155,0.006485,0.006485,0.003330,446865073,436391.673,426.164,1,0
20260426T222240Z,2026-04-26T22:22:46Z,HTTP/2,2,large_page.bin,21,200,2897920,0.000172,0.000218,0.002423,0.002455,0.002901,0.005940,0.005940,0.003039,487865319,476430.976,465.265,1,0
20260426T222240Z,2026-04-26T22:22:46Z,HTTP/2,2,large_page.bin,22,200,2897920,0.000217,0.000260,0.002465,0.002496,0.002861,0.005307,0.005307,0.002446,546056152,533257.961,520.760,1,0
20260426T222240Z,2026-04-26T22:22:46Z,HTTP/2,2,large_page.bin,23,200,2897920,0.000160,0.000198,0.002374,0.002406,0.002768,0.005326,0.005326,0.002558,544108148,531355.613,518.902,1,0
20260426T222240Z,2026-04-26T22:22:46Z,HTTP/2,2,large_page.bin,24,200,2897920,0.000176,0.000218,0.002384,0.002414,0.002785,0.006073,0.006073,0.003288,477180964,465997.035,455.075,1,0
20260426T222240Z,2026-04-26T22:22:46Z,HTTP/2,2,large_page.bin,25,200,2897920,0.000170,0.000212,0.002386,0.002419,0.002752,0.005342,0.005342,0.002590,542478472,529764.133,517.348,1,0
20260426T222240Z,2026-04-26T22:22:46Z,HTTP/2,2,large_page.bin,26,200,2897920,0.000200,0.000241,0.002450,0.002482,0.002831,0.005548,0.005548,0.002717,522335976,510093.727,498.138,1,0
20260426T222240Z,2026-04-26T22:22:46Z,HTTP/2,2,large_page.bin,27,200,2897920,0.000162,0.000196,0.002358,0.002388,0.002702,0.006082,0.006082,0.003380,476474843,465307.464,454.402,1,0
20260426T222240Z,2026-04-26T22:22:46Z,HTTP/2,2,large_page.bin,28,200,2897920,0.000182,0.000226,0.002396,0.002426,0.002747,0.005089,0.005089,0.002342,569447828,556101.395,543.068,1,0
20260426T222240Z,2026-04-26T22:22:46Z,HTTP/2,2,large_page.bin,29,200,2897920,0.000176,0.000216,0.002371,0.002407,0.002804,0.005828,0.005828,0.003024,497240905,485586.821,474.206,1,0
20260426T222240Z,2026-04-26T22:22:46Z,HTTP/2,2,large_page.bin,30,200,2897920,0.000151,0.000190,0.002361,0.002392,0.002752,0.005073,0.005073,0.002321,571243839,557855.312,544.781,1,0
20260426T222240Z,2026-04-26T22:22:46Z,HTTP/2,2,large_page.bin,31,200,2897920,0.000186,0.000226,0.002389,0.002420,0.002856,0.005178,0.005178,0.002322,559660100,546543.066,533.733,1,0
20260426T222240Z,2026-04-26T22:22:46Z,HTTP/2,2,large_page.bin,32,200,2897920,0.000249,0.000294,0.002484,0.002514,0.002920,0.005807,0.005807,0.002887,499039090,487342.861,475.921,1,0
20260426T222240Z,2026-04-26T22:22:46Z,HTTP/2,2,large_page.bin,33,200,2897920,0.000162,0.000203,0.002413,0.002446,0.002791,0.005512,0.005512,0.002721,525747460,513425.254,501.392,1,0
20260426T222240Z,2026-04-26T22:22:46Z,HTTP/2,2,large_page.bin,34,200,2897920,0.000193,0.000239,0.002404,0.002434,0.002738,0.005545,0.005545,0.002807,522618575,510369.702,498.408,1,0
20260426T222240Z,2026-04-26T22:22:46Z,HTTP/2,2,large_page.bin,35,200,2897920,0.000175,0.000213,0.002414,0.002445,0.002791,0.006187,0.006187,0.003396,468388556,457410.699,446.690,1,0
20260426T222240Z,2026-04-26T22:22:46Z,HTTP/2,2,large_page.bin,36,200,2897920,0.000180,0.000220,0.002407,0.002438,0.002762,0.005222,0.005222,0.002460,554944465,541937.954,529.236,1,0
20260426T222240Z,2026-04-26T22:22:46Z,HTTP/2,2,large_page.bin,37,200,2897920,0.000170,0.000229,0.002432,0.002464,0.002874,0.005470,0.005470,0.002596,529784277,517367.458,505.242,1,0
20260426T222240Z,2026-04-26T22:22:46Z,HTTP/2,2,large_page.bin,38,200,2897920,0.000184,0.000226,0.002435,0.002467,0.002902,0.005809,0.005809,0.002907,498867274,487175.072,475.757,1,0
20260426T222240Z,2026-04-26T22:22:46Z,HTTP/2,2,large_page.bin,39,200,2897920,0.000177,0.000220,0.002418,0.002447,0.002770,0.005647,0.005647,0.002877,513178678,501151.053,489.405,1,0
20260426T222240Z,2026-04-26T22:22:46Z,HTTP/2,2,large_page.bin,40,200,2897920,0.000159,0.000197,0.002405,0.002436,0.002790,0.007014,0.007014,0.004224,413162246,403478.756,394.022,1,0
